order_id,customer_id,performance_id,order_datetime,pay_card_number,pay_cardholder,pay_expiry
1,110,7,2026-05-18 12:00:00,3180243506686185,Benjamin Khan,05/2030
2,40,8,2026-06-22 12:00:00,4748075051104193,Isabella Tremblay,05/2031
3,96,8,2026-06-04 12:00:00,6960487089703278,Noah Roy,06/2027
4,59,9,2026-06-10 12:00:00,8700045131871474,Mia Tremblay,12/2027
5,61,9,2026-06-17 12:00:00,6091714242445345,Emma Patel,11/2030
6,79,22,2025-10-09 12:00:00,9515453918731015,Harper Khan,10/2029
7,16,24,2026-01-17 12:00:00,2776415774721555,Sophia Martin,06/2027
8,62,25,2025-11-20 12:00:00,8325650001753113,Aria Rossi,07/2032
9,65,25,2025-11-10 12:00:00,4947624696603128,Benjamin Ivanov,08/2028
10,67,31,2025-09-15 12:00:00,5895125119438584,Amelia Ali,02/2030
11,86,34,2025-09-19 12:00:00,0013027333503572,Ethan Martin,03/2028
12,55,34,2025-09-17 12:00:00,9145130748041416,Daniel Cote,05/2029
13,68,36,2025-12-20 12:00:00,6035598152497403,Evelyn Ali,07/2029
14,92,37,2026-03-15 12:00:00,9155835287592161,Daniel Kim,10/2032
15,40,37,2026-03-04 12:00:00,4748075051104193,Isabella Tremblay,05/2031
16,69,38,2026-03-12 12:00:00,3398189729220306,Lucas Johnson,08/2027
17,19,38,2026-03-08 12:00:00,6977878107714137,Evelyn Murphy,12/2027
18,103,40,2025-11-11 12:00:00,4569642270478814,Charlotte Chen,07/2029
19,111,40,2025-11-11 12:00:00,6755422001641257,Jack Patel,05/2028
20,11,41,2025-12-27 12:00:00,6502823034353366,Charlotte Garcia,04/2027
21,41,41,2025-12-17 12:00:00,3013599738450417,Olivia Ali,12/2027
22,47,45,2026-03-13 12:00:00,7096990102475833,Aria Cote,02/2031
23,41,45,2026-03-08 12:00:00,3013599738450417,Olivia Ali,12/2027
24,12,48,2026-01-08 12:00:00,0898881954327623,Amelia Wong,01/2027
25,68,48,2026-01-18 12:00:00,6035598152497403,Evelyn Ali,07/2029
26,94,51,2025-08-28 12:00:00,6538481731412789,Aria Reyes,12/2031
27,46,52,2025-09-25 12:00:00,3557619070277485,Emma Ivanov,07/2030
28,25,56,2026-05-05 12:00:00,6807109000644840,Evelyn Wilson,06/2030
29,81,56,2026-04-22 12:00:00,5664579381005895,Emma Rossi,01/2029
30,66,61,2025-08-23 12:00:00,0558462392784658,Diego Johnson,10/2031
31,39,61,2025-09-05 12:00:00,2806367822978312,Olivia Smith,04/2031
32,75,62,2025-10-30 12:00:00,7414675934419123,Matthew Bouchard,01/2030
33,31,62,2025-10-04 12:00:00,9112276454062799,Leo Chen,10/2029
34,107,2,2026-05-18 12:00:00,2417229212255183,Emma Wong,09/2027
35,22,4,2026-05-13 12:00:00,6922579665759376,Diego Haddad,11/2030
36,14,12,2026-06-17 12:00:00,4741752530372497,James Martin,05/2032
37,23,13,2026-05-13 12:00:00,9211717110488637,Olivia Wong,01/2028
38,106,13,2026-06-16 12:00:00,1351819752865907,Zoe Ali,05/2028
39,7,14,2026-05-24 12:00:00,9849261090202441,Harper Khan,09/2031
40,47,15,2026-07-04 12:00:00,7096990102475833,Aria Cote,02/2031
41,8,15,2026-05-26 12:00:00,7558722150945291,Noah Reyes,09/2032
42,81,16,2026-07-15 12:00:00,5664579381005895,Emma Rossi,01/2029
43,49,16,2026-06-12 12:00:00,4938210986934054,Evelyn Wong,09/2027
44,31,18,2026-07-27 12:00:00,9112276454062799,Leo Chen,10/2029
45,116,19,2026-05-17 12:00:00,9513197985494038,Sophia Tremblay,08/2031
46,7,20,2026-07-03 12:00:00,9849261090202441,Harper Khan,09/2031
47,58,20,2026-06-21 12:00:00,6253379689888769,Omar Chen,05/2030
48,62,21,2026-05-10 12:00:00,8325650001753113,Aria Rossi,07/2032
49,105,21,2026-05-25 12:00:00,5661290945607411,Daniel Wong,03/2029
50,78,30,2026-07-19 12:00:00,6787634862146272,Noah Reyes,10/2029
51,72,42,2026-05-23 12:00:00,3776575189364208,Noah Lee,04/2032
52,56,42,2026-06-12 12:00:00,7945719942544063,Benjamin Cote,04/2031
53,19,47,2026-07-11 12:00:00,6977878107714137,Evelyn Murphy,12/2027
54,90,47,2026-05-28 12:00:00,4342520465623538,Evelyn Taylor,09/2030
55,93,50,2026-07-05 12:00:00,3429498491935035,Priya Haddad,05/2027
56,57,54,2026-05-19 12:00:00,6785160114724176,Leo Bouchard,01/2029
57,83,54,2026-05-10 12:00:00,0846063984417452,Charlotte Johnson,05/2032
58,23,57,2026-06-22 12:00:00,9211717110488637,Olivia Wong,01/2028
59,8,57,2026-06-27 12:00:00,7558722150945291,Noah Reyes,09/2032
60,42,59,2026-06-24 12:00:00,4669604746191076,James Haddad,06/2028
61,15,60,2026-06-30 12:00:00,8789668913929011,Daniel Taylor,11/2028
62,107,60,2026-05-22 12:00:00,2417229212255183,Emma Wong,09/2027
63,92,5,2026-05-02 12:00:00,9155835287592161,Daniel Kim,10/2032
64,82,5,2026-05-04 12:00:00,8249723798944705,Daniel Rossi,08/2031
65,66,5,2026-05-21 12:00:00,0558462392784658,Diego Johnson,10/2031
66,80,5,2026-04-26 12:00:00,7017773811163440,Sophia Haddad,02/2028
67,101,5,2026-04-24 12:00:00,4994057955152225,Isabella Khan,09/2027
68,35,5,2026-05-22 12:00:00,7968551643596791,Diego Lee,11/2031
69,109,5,2026-05-01 12:00:00,1611437185886871,Isabella Silva,01/2032
70,18,5,2026-05-16 12:00:00,3476824185216484,William Murphy,02/2028
71,80,5,2026-05-14 12:00:00,7017773811163440,Sophia Haddad,02/2028
72,114,5,2026-05-08 12:00:00,7072829061603852,Daniel Martin,08/2028
73,24,5,2026-05-10 12:00:00,2089116013188680,Mia Chen,06/2032
74,50,5,2026-04-23 12:00:00,0917219180719310,Jack Cote,01/2031
75,12,5,2026-05-09 12:00:00,0898881954327623,Amelia Wong,01/2027
76,105,5,2026-04-29 12:00:00,5661290945607411,Daniel Wong,03/2029
77,102,5,2026-05-17 12:00:00,3831048397361066,Isabella Khan,05/2032
78,63,5,2026-05-15 12:00:00,5278792557980077,Sophia Khan,09/2032
79,26,5,2026-05-14 12:00:00,6445150381655974,Lucas Johnson,02/2030
80,44,5,2026-05-18 12:00:00,2341600465324370,Priya Ivanov,01/2029
81,22,5,2026-05-05 12:00:00,6922579665759376,Diego Haddad,11/2030
82,29,5,2026-05-21 12:00:00,3854909820421754,Ethan Reyes,03/2032
83,47,5,2026-04-27 12:00:00,7096990102475833,Aria Cote,02/2031
84,73,5,2026-05-18 12:00:00,9826564570988902,Amelia Bouchard,11/2032
85,35,5,2026-05-09 12:00:00,7968551643596791,Diego Lee,11/2031
86,41,5,2026-04-27 12:00:00,3013599738450417,Olivia Ali,12/2027
87,57,5,2026-05-04 12:00:00,6785160114724176,Leo Bouchard,01/2029
88,65,5,2026-05-11 12:00:00,4947624696603128,Benjamin Ivanov,08/2028
89,18,5,2026-05-06 12:00:00,3476824185216484,William Murphy,02/2028
90,45,5,2026-04-25 12:00:00,9375892808481867,Daniel Nguyen,05/2031
91,7,5,2026-04-24 12:00:00,9849261090202441,Harper Khan,09/2031
92,12,5,2026-05-16 12:00:00,0898881954327623,Amelia Wong,01/2027
93,116,5,2026-05-03 12:00:00,9513197985494038,Sophia Tremblay,08/2031
94,87,5,2026-04-24 12:00:00,6801259778394698,Leo Wong,07/2029
95,89,5,2026-04-28 12:00:00,2036368773715809,Ava Brown,08/2027
96,62,5,2026-05-15 12:00:00,8325650001753113,Aria Rossi,07/2032
97,68,5,2026-05-12 12:00:00,6035598152497403,Evelyn Ali,07/2029
98,16,5,2026-05-14 12:00:00,2776415774721555,Sophia Martin,06/2027
99,70,5,2026-05-02 12:00:00,0639587528220973,Leo Garcia,10/2027
100,110,5,2026-05-07 12:00:00,3180243506686185,Benjamin Khan,05/2030
101,57,5,2026-04-26 12:00:00,6785160114724176,Leo Bouchard,01/2029
102,55,5,2026-05-17 12:00:00,9145130748041416,Daniel Cote,05/2029
103,106,5,2026-05-22 12:00:00,1351819752865907,Zoe Ali,05/2028
104,21,5,2026-05-04 12:00:00,1313933060114019,Amelia Johnson,09/2032
105,22,5,2026-05-11 12:00:00,6922579665759376,Diego Haddad,11/2030
106,80,5,2026-05-22 12:00:00,7017773811163440,Sophia Haddad,02/2028
107,53,5,2026-05-06 12:00:00,7505853628498055,Amelia Reyes,11/2029
108,106,5,2026-05-16 12:00:00,1351819752865907,Zoe Ali,05/2028
109,108,5,2026-04-23 12:00:00,9987871564484661,Leo Patel,04/2029
110,77,5,2026-05-10 12:00:00,4338482279751968,James Brown,08/2032
111,111,5,2026-05-21 12:00:00,6755422001641257,Jack Patel,05/2028
112,96,5,2026-05-13 12:00:00,6960487089703278,Noah Roy,06/2027
113,46,5,2026-04-26 12:00:00,3557619070277485,Emma Ivanov,07/2030
114,34,5,2026-05-15 12:00:00,0761320965183140,Liam Ivanov,08/2027
115,64,5,2026-05-17 12:00:00,8555601770605440,Matthew Wong,07/2032
116,73,5,2026-05-01 12:00:00,9826564570988902,Amelia Bouchard,11/2032
117,52,5,2026-05-03 12:00:00,3646644112750174,Benjamin Garcia,06/2027
118,45,5,2026-05-02 12:00:00,9375892808481867,Daniel Nguyen,05/2031
119,99,5,2026-05-10 12:00:00,1982852554404147,Evelyn Cote,10/2030
120,72,5,2026-05-12 12:00:00,3776575189364208,Noah Lee,04/2032
121,106,5,2026-04-29 12:00:00,1351819752865907,Zoe Ali,05/2028
122,15,5,2026-05-09 12:00:00,8789668913929011,Daniel Taylor,11/2028
123,17,5,2026-05-08 12:00:00,3372546394802422,Diego Singh,04/2028
124,39,5,2026-04-27 12:00:00,2806367822978312,Olivia Smith,04/2031
125,58,5,2026-05-18 12:00:00,6253379689888769,Omar Chen,05/2030
126,92,5,2026-05-04 12:00:00,9155835287592161,Daniel Kim,10/2032
127,26,5,2026-05-11 12:00:00,6445150381655974,Lucas Johnson,02/2030
128,25,5,2026-05-08 12:00:00,6807109000644840,Evelyn Wilson,06/2030
129,61,5,2026-05-06 12:00:00,6091714242445345,Emma Patel,11/2030
130,80,5,2026-05-18 12:00:00,7017773811163440,Sophia Haddad,02/2028
131,49,5,2026-05-14 12:00:00,4938210986934054,Evelyn Wong,09/2027
132,37,5,2026-05-20 12:00:00,0170604874253468,Daniel Cote,10/2031
133,54,5,2026-05-10 12:00:00,0965706130190082,Evelyn Smith,08/2027
134,22,5,2026-05-15 12:00:00,6922579665759376,Diego Haddad,11/2030
135,14,5,2026-05-01 12:00:00,4741752530372497,James Martin,05/2032
136,86,5,2026-05-14 12:00:00,0013027333503572,Ethan Martin,03/2028
137,16,5,2026-05-09 12:00:00,2776415774721555,Sophia Martin,06/2027
138,28,5,2026-05-04 12:00:00,7466000243595289,Harper Murphy,09/2030
139,71,5,2026-05-07 12:00:00,4182119008622302,Amelia Patel,09/2027
140,10,5,2026-04-26 12:00:00,2051874756101363,Liam Patel,11/2031
141,16,5,2026-05-12 12:00:00,2776415774721555,Sophia Martin,06/2027
142,86,5,2026-04-26 12:00:00,0013027333503572,Ethan Martin,03/2028
143,32,5,2026-05-15 12:00:00,2518706548233689,Mia Murphy,09/2030
144,84,5,2026-04-27 12:00:00,3500182999659809,Leo Taylor,09/2028
145,95,5,2026-04-27 12:00:00,4508091978931693,Amelia Bouchard,08/2028
146,30,5,2026-05-13 12:00:00,2978021648928515,James Smith,10/2030
147,39,5,2026-05-01 12:00:00,2806367822978312,Olivia Smith,04/2031
148,50,5,2026-05-20 12:00:00,0917219180719310,Jack Cote,01/2031
149,23,5,2026-05-19 12:00:00,9211717110488637,Olivia Wong,01/2028
150,92,5,2026-04-24 12:00:00,9155835287592161,Daniel Kim,10/2032
151,72,5,2026-05-14 12:00:00,3776575189364208,Noah Lee,04/2032
152,56,5,2026-05-11 12:00:00,7945719942544063,Benjamin Cote,04/2031
153,10,5,2026-04-28 12:00:00,2051874756101363,Liam Patel,11/2031
154,11,5,2026-04-25 12:00:00,6502823034353366,Charlotte Garcia,04/2027
155,87,5,2026-04-30 12:00:00,6801259778394698,Leo Wong,07/2029
156,15,5,2026-05-03 12:00:00,8789668913929011,Daniel Taylor,11/2028
157,87,5,2026-05-17 12:00:00,6801259778394698,Leo Wong,07/2029
158,88,5,2026-05-06 12:00:00,3168689258605372,Ethan Cote,11/2028
159,104,5,2026-04-29 12:00:00,1479466055234744,Isabella Reyes,05/2029
160,66,5,2026-04-27 12:00:00,0558462392784658,Diego Johnson,10/2031
161,68,5,2026-04-24 12:00:00,6035598152497403,Evelyn Ali,07/2029
162,65,5,2026-05-01 12:00:00,4947624696603128,Benjamin Ivanov,08/2028
163,36,5,2026-05-03 12:00:00,3672981520730856,Liam Martin,06/2028
164,46,5,2026-05-02 12:00:00,3557619070277485,Emma Ivanov,07/2030
165,52,5,2026-05-04 12:00:00,3646644112750174,Benjamin Garcia,06/2027
166,27,5,2026-04-25 12:00:00,7667239447615541,Benjamin Wong,10/2031
167,44,5,2026-04-28 12:00:00,2341600465324370,Priya Ivanov,01/2029
168,58,5,2026-05-09 12:00:00,6253379689888769,Omar Chen,05/2030
169,87,5,2026-05-04 12:00:00,6801259778394698,Leo Wong,07/2029
170,10,5,2026-05-21 12:00:00,2051874756101363,Liam Patel,11/2031
171,39,5,2026-05-05 12:00:00,2806367822978312,Olivia Smith,04/2031
172,81,5,2026-05-14 12:00:00,5664579381005895,Emma Rossi,01/2029
173,63,5,2026-05-18 12:00:00,5278792557980077,Sophia Khan,09/2032
174,89,5,2026-04-29 12:00:00,2036368773715809,Ava Brown,08/2027
175,91,5,2026-05-21 12:00:00,9505832296152169,Olivia Smith,03/2028
176,38,5,2026-05-19 12:00:00,6154525877890920,Benjamin Ivanov,09/2030
177,67,5,2026-05-05 12:00:00,5895125119438584,Amelia Ali,02/2030
178,102,5,2026-05-03 12:00:00,3831048397361066,Isabella Khan,05/2032
179,39,5,2026-05-21 12:00:00,2806367822978312,Olivia Smith,04/2031
180,103,5,2026-04-29 12:00:00,4569642270478814,Charlotte Chen,07/2029
181,64,5,2026-04-23 12:00:00,8555601770605440,Matthew Wong,07/2032
182,53,5,2026-05-09 12:00:00,7505853628498055,Amelia Reyes,11/2029
183,99,5,2026-05-17 12:00:00,1982852554404147,Evelyn Cote,10/2030
184,63,5,2026-05-10 12:00:00,5278792557980077,Sophia Khan,09/2032
185,53,5,2026-05-21 12:00:00,7505853628498055,Amelia Reyes,11/2029
186,16,5,2026-05-12 12:00:00,2776415774721555,Sophia Martin,06/2027
187,68,5,2026-05-07 12:00:00,6035598152497403,Evelyn Ali,07/2029
188,110,5,2026-05-09 12:00:00,3180243506686185,Benjamin Khan,05/2030
189,95,5,2026-05-18 12:00:00,4508091978931693,Amelia Bouchard,08/2028
190,69,5,2026-05-18 12:00:00,3398189729220306,Lucas Johnson,08/2027
191,81,5,2026-04-26 12:00:00,5664579381005895,Emma Rossi,01/2029
192,87,5,2026-05-15 12:00:00,6801259778394698,Leo Wong,07/2029
193,48,5,2026-05-14 12:00:00,9102756282500012,Priya Chen,12/2029
194,40,5,2026-04-27 12:00:00,4748075051104193,Isabella Tremblay,05/2031
195,99,5,2026-04-24 12:00:00,1982852554404147,Evelyn Cote,10/2030
196,80,5,2026-05-06 12:00:00,7017773811163440,Sophia Haddad,02/2028
197,26,5,2026-05-21 12:00:00,6445150381655974,Lucas Johnson,02/2030
198,77,5,2026-05-02 12:00:00,4338482279751968,James Brown,08/2032
199,83,5,2026-05-05 12:00:00,0846063984417452,Charlotte Johnson,05/2032
200,114,5,2026-05-02 12:00:00,7072829061603852,Daniel Martin,08/2028
201,87,5,2026-05-05 12:00:00,6801259778394698,Leo Wong,07/2029
202,41,5,2026-05-01 12:00:00,3013599738450417,Olivia Ali,12/2027
203,19,5,2026-05-17 12:00:00,6977878107714137,Evelyn Murphy,12/2027
204,26,5,2026-05-20 12:00:00,6445150381655974,Lucas Johnson,02/2030
205,20,5,2026-04-23 12:00:00,2250145018520535,Leo Ali,02/2030
206,24,5,2026-04-27 12:00:00,2089116013188680,Mia Chen,06/2032
207,25,5,2026-05-06 12:00:00,6807109000644840,Evelyn Wilson,06/2030
208,77,5,2026-05-03 12:00:00,4338482279751968,James Brown,08/2032
209,40,5,2026-05-13 12:00:00,4748075051104193,Isabella Tremblay,05/2031
210,35,5,2026-05-13 12:00:00,7968551643596791,Diego Lee,11/2031
211,25,5,2026-04-25 12:00:00,6807109000644840,Evelyn Wilson,06/2030
212,60,5,2026-05-03 12:00:00,5757701799645340,Leo Lee,02/2027
213,76,5,2026-04-24 12:00:00,3651404644966246,William Singh,08/2027
214,43,5,2026-04-28 12:00:00,9299563203116090,Sophia Singh,08/2032
215,92,5,2026-04-29 12:00:00,9155835287592161,Daniel Kim,10/2032
216,42,5,2026-05-01 12:00:00,4669604746191076,James Haddad,06/2028
217,66,5,2026-05-11 12:00:00,0558462392784658,Diego Johnson,10/2031
218,76,5,2026-04-26 12:00:00,3651404644966246,William Singh,08/2027
219,36,5,2026-05-08 12:00:00,3672981520730856,Liam Martin,06/2028
220,45,5,2026-05-13 12:00:00,9375892808481867,Daniel Nguyen,05/2031
221,102,5,2026-05-18 12:00:00,3831048397361066,Isabella Khan,05/2032
222,20,5,2026-05-02 12:00:00,2250145018520535,Leo Ali,02/2030
223,8,5,2026-05-04 12:00:00,7558722150945291,Noah Reyes,09/2032
224,54,5,2026-05-01 12:00:00,0965706130190082,Evelyn Smith,08/2027
225,29,5,2026-04-30 12:00:00,3854909820421754,Ethan Reyes,03/2032
226,110,5,2026-05-16 12:00:00,3180243506686185,Benjamin Khan,05/2030
227,102,5,2026-05-19 12:00:00,3831048397361066,Isabella Khan,05/2032
228,90,5,2026-05-05 12:00:00,4342520465623538,Evelyn Taylor,09/2030
229,66,5,2026-04-24 12:00:00,0558462392784658,Diego Johnson,10/2031
230,60,5,2026-05-16 12:00:00,5757701799645340,Leo Lee,02/2027
231,61,5,2026-05-14 12:00:00,6091714242445345,Emma Patel,11/2030
232,55,5,2026-04-26 12:00:00,9145130748041416,Daniel Cote,05/2029
233,50,5,2026-04-28 12:00:00,0917219180719310,Jack Cote,01/2031
234,92,5,2026-05-13 12:00:00,9155835287592161,Daniel Kim,10/2032
235,8,5,2026-05-22 12:00:00,7558722150945291,Noah Reyes,09/2032
236,68,5,2026-05-06 12:00:00,6035598152497403,Evelyn Ali,07/2029
237,72,5,2026-05-07 12:00:00,3776575189364208,Noah Lee,04/2032
238,30,5,2026-05-12 12:00:00,2978021648928515,James Smith,10/2030
239,113,5,2026-05-11 12:00:00,2393777956038556,Ethan Chen,08/2027
240,65,5,2026-04-28 12:00:00,4947624696603128,Benjamin Ivanov,08/2028
241,111,5,2026-05-01 12:00:00,6755422001641257,Jack Patel,05/2028
242,100,5,2026-05-17 12:00:00,1391990981279502,Emma Smith,04/2030
243,30,5,2026-05-19 12:00:00,2978021648928515,James Smith,10/2030
244,111,5,2026-05-03 12:00:00,6755422001641257,Jack Patel,05/2028
245,109,5,2026-05-14 12:00:00,1611437185886871,Isabella Silva,01/2032
246,72,5,2026-05-21 12:00:00,3776575189364208,Noah Lee,04/2032
247,75,5,2026-05-14 12:00:00,7414675934419123,Matthew Bouchard,01/2030
248,37,5,2026-04-28 12:00:00,0170604874253468,Daniel Cote,10/2031
249,109,5,2026-04-30 12:00:00,1611437185886871,Isabella Silva,01/2032
250,103,5,2026-04-30 12:00:00,4569642270478814,Charlotte Chen,07/2029
251,64,5,2026-05-18 12:00:00,8555601770605440,Matthew Wong,07/2032
252,78,5,2026-05-14 12:00:00,6787634862146272,Noah Reyes,10/2029
253,24,5,2026-05-17 12:00:00,2089116013188680,Mia Chen,06/2032
254,24,5,2026-05-02 12:00:00,2089116013188680,Mia Chen,06/2032
255,110,5,2026-05-21 12:00:00,3180243506686185,Benjamin Khan,05/2030
256,8,5,2026-05-03 12:00:00,7558722150945291,Noah Reyes,09/2032
257,110,5,2026-05-08 12:00:00,3180243506686185,Benjamin Khan,05/2030
258,59,5,2026-05-13 12:00:00,8700045131871474,Mia Tremblay,12/2027
259,9,5,2026-05-14 12:00:00,5607691521294186,Noah Roy,08/2031
260,21,5,2026-05-01 12:00:00,1313933060114019,Amelia Johnson,09/2032
261,108,5,2026-05-08 12:00:00,9987871564484661,Leo Patel,04/2029
262,103,5,2026-05-09 12:00:00,4569642270478814,Charlotte Chen,07/2029
263,23,5,2026-05-08 12:00:00,9211717110488637,Olivia Wong,01/2028
264,89,5,2026-04-24 12:00:00,2036368773715809,Ava Brown,08/2027
265,45,5,2026-04-23 12:00:00,9375892808481867,Daniel Nguyen,05/2031
266,58,5,2026-05-10 12:00:00,6253379689888769,Omar Chen,05/2030
267,74,5,2026-04-29 12:00:00,7965387516781499,Ethan Ali,07/2031
268,60,5,2026-05-10 12:00:00,5757701799645340,Leo Lee,02/2027
269,87,5,2026-05-15 12:00:00,6801259778394698,Leo Wong,07/2029
270,17,5,2026-04-24 12:00:00,3372546394802422,Diego Singh,04/2028
271,77,5,2026-05-09 12:00:00,4338482279751968,James Brown,08/2032
272,109,5,2026-04-23 12:00:00,1611437185886871,Isabella Silva,01/2032
273,61,5,2026-04-26 12:00:00,6091714242445345,Emma Patel,11/2030
274,70,5,2026-04-30 12:00:00,0639587528220973,Leo Garcia,10/2027
275,73,5,2026-05-20 12:00:00,9826564570988902,Amelia Bouchard,11/2032
276,104,5,2026-05-06 12:00:00,1479466055234744,Isabella Reyes,05/2029
277,52,5,2026-05-19 12:00:00,3646644112750174,Benjamin Garcia,06/2027
278,90,5,2026-04-23 12:00:00,4342520465623538,Evelyn Taylor,09/2030
279,47,5,2026-05-02 12:00:00,7096990102475833,Aria Cote,02/2031
280,43,5,2026-05-13 12:00:00,9299563203116090,Sophia Singh,08/2032
281,10,5,2026-05-22 12:00:00,2051874756101363,Liam Patel,11/2031
282,83,5,2026-05-09 12:00:00,0846063984417452,Charlotte Johnson,05/2032
283,62,5,2026-05-17 12:00:00,8325650001753113,Aria Rossi,07/2032
284,22,5,2026-05-15 12:00:00,6922579665759376,Diego Haddad,11/2030
285,14,5,2026-05-14 12:00:00,4741752530372497,James Martin,05/2032
286,80,5,2026-05-04 12:00:00,7017773811163440,Sophia Haddad,02/2028
287,77,5,2026-05-06 12:00:00,4338482279751968,James Brown,08/2032
288,84,5,2026-05-01 12:00:00,3500182999659809,Leo Taylor,09/2028
289,24,5,2026-05-08 12:00:00,2089116013188680,Mia Chen,06/2032
290,40,5,2026-04-26 12:00:00,4748075051104193,Isabella Tremblay,05/2031
291,16,5,2026-05-21 12:00:00,2776415774721555,Sophia Martin,06/2027
292,85,5,2026-05-17 12:00:00,9708325645922542,James Singh,01/2028
293,23,5,2026-05-05 12:00:00,9211717110488637,Olivia Wong,01/2028
294,50,5,2026-05-14 12:00:00,0917219180719310,Jack Cote,01/2031
295,31,5,2026-05-02 12:00:00,9112276454062799,Leo Chen,10/2029
296,17,5,2026-04-28 12:00:00,3372546394802422,Diego Singh,04/2028
297,61,5,2026-05-22 12:00:00,6091714242445345,Emma Patel,11/2030
298,110,5,2026-05-11 12:00:00,3180243506686185,Benjamin Khan,05/2030
299,73,5,2026-04-26 12:00:00,9826564570988902,Amelia Bouchard,11/2032
300,39,5,2026-05-17 12:00:00,2806367822978312,Olivia Smith,04/2031
301,37,5,2026-05-11 12:00:00,0170604874253468,Daniel Cote,10/2031
302,26,5,2026-05-16 12:00:00,6445150381655974,Lucas Johnson,02/2030
303,52,5,2026-04-28 12:00:00,3646644112750174,Benjamin Garcia,06/2027
304,109,5,2026-05-04 12:00:00,1611437185886871,Isabella Silva,01/2032
305,49,5,2026-05-05 12:00:00,4938210986934054,Evelyn Wong,09/2027
306,116,5,2026-05-12 12:00:00,9513197985494038,Sophia Tremblay,08/2031
307,7,5,2026-05-18 12:00:00,9849261090202441,Harper Khan,09/2031
308,115,5,2026-05-06 12:00:00,5927482846195543,Diego Haddad,10/2027
309,9,5,2026-04-24 12:00:00,5607691521294186,Noah Roy,08/2031
310,116,5,2026-05-02 12:00:00,9513197985494038,Sophia Tremblay,08/2031
311,52,5,2026-05-19 12:00:00,3646644112750174,Benjamin Garcia,06/2027
312,95,5,2026-05-02 12:00:00,4508091978931693,Amelia Bouchard,08/2028
313,86,5,2026-05-11 12:00:00,0013027333503572,Ethan Martin,03/2028
314,15,5,2026-05-17 12:00:00,8789668913929011,Daniel Taylor,11/2028
315,37,5,2026-05-05 12:00:00,0170604874253468,Daniel Cote,10/2031
316,59,5,2026-04-23 12:00:00,8700045131871474,Mia Tremblay,12/2027
317,77,5,2026-05-03 12:00:00,4338482279751968,James Brown,08/2032
318,78,5,2026-05-20 12:00:00,6787634862146272,Noah Reyes,10/2029
319,32,5,2026-05-17 12:00:00,2518706548233689,Mia Murphy,09/2030
320,76,5,2026-04-25 12:00:00,3651404644966246,William Singh,08/2027
321,72,5,2026-05-21 12:00:00,3776575189364208,Noah Lee,04/2032
322,83,5,2026-05-11 12:00:00,0846063984417452,Charlotte Johnson,05/2032
323,69,5,2026-05-02 12:00:00,3398189729220306,Lucas Johnson,08/2027
324,109,5,2026-05-07 12:00:00,1611437185886871,Isabella Silva,01/2032
325,83,5,2026-05-03 12:00:00,0846063984417452,Charlotte Johnson,05/2032
326,30,5,2026-05-04 12:00:00,2978021648928515,James Smith,10/2030
327,30,5,2026-05-17 12:00:00,2978021648928515,James Smith,10/2030
328,97,5,2026-05-18 12:00:00,1242502449602709,Evelyn Taylor,12/2029
329,68,5,2026-05-07 12:00:00,6035598152497403,Evelyn Ali,07/2029
330,52,5,2026-05-17 12:00:00,3646644112750174,Benjamin Garcia,06/2027
331,62,5,2026-04-30 12:00:00,8325650001753113,Aria Rossi,07/2032
332,99,5,2026-05-21 12:00:00,1982852554404147,Evelyn Cote,10/2030
333,113,5,2026-04-27 12:00:00,2393777956038556,Ethan Chen,08/2027
334,20,5,2026-05-01 12:00:00,2250145018520535,Leo Ali,02/2030
335,19,5,2026-05-08 12:00:00,6977878107714137,Evelyn Murphy,12/2027
336,7,5,2026-05-08 12:00:00,9849261090202441,Harper Khan,09/2031
337,49,5,2026-05-02 12:00:00,4938210986934054,Evelyn Wong,09/2027
338,27,5,2026-05-20 12:00:00,7667239447615541,Benjamin Wong,10/2031
339,52,5,2026-05-21 12:00:00,3646644112750174,Benjamin Garcia,06/2027
340,82,5,2026-05-22 12:00:00,8249723798944705,Daniel Rossi,08/2031
341,10,5,2026-05-02 12:00:00,2051874756101363,Liam Patel,11/2031
342,95,5,2026-05-18 12:00:00,4508091978931693,Amelia Bouchard,08/2028
343,71,5,2026-05-15 12:00:00,4182119008622302,Amelia Patel,09/2027
344,56,5,2026-04-28 12:00:00,7945719942544063,Benjamin Cote,04/2031
345,64,5,2026-05-10 12:00:00,8555601770605440,Matthew Wong,07/2032
346,10,5,2026-05-17 12:00:00,2051874756101363,Liam Patel,11/2031
347,68,5,2026-05-21 12:00:00,6035598152497403,Evelyn Ali,07/2029
348,57,5,2026-05-09 12:00:00,6785160114724176,Leo Bouchard,01/2029
349,71,5,2026-05-07 12:00:00,4182119008622302,Amelia Patel,09/2027
350,113,5,2026-04-30 12:00:00,2393777956038556,Ethan Chen,08/2027
351,111,5,2026-04-23 12:00:00,6755422001641257,Jack Patel,05/2028
352,115,5,2026-05-01 12:00:00,5927482846195543,Diego Haddad,10/2027
353,51,5,2026-05-16 12:00:00,2488531638482836,Daniel Brown,07/2027
354,69,5,2026-05-18 12:00:00,3398189729220306,Lucas Johnson,08/2027
355,102,5,2026-05-16 12:00:00,3831048397361066,Isabella Khan,05/2032
356,59,5,2026-05-04 12:00:00,8700045131871474,Mia Tremblay,12/2027
357,67,5,2026-04-27 12:00:00,5895125119438584,Amelia Ali,02/2030
358,44,5,2026-05-10 12:00:00,2341600465324370,Priya Ivanov,01/2029
359,41,23,2026-01-06 12:00:00,3013599738450417,Olivia Ali,12/2027
360,106,23,2026-01-08 12:00:00,1351819752865907,Zoe Ali,05/2028
361,47,23,2026-02-01 12:00:00,7096990102475833,Aria Cote,02/2031
362,23,23,2026-01-16 12:00:00,9211717110488637,Olivia Wong,01/2028
363,35,23,2026-01-22 12:00:00,7968551643596791,Diego Lee,11/2031
364,89,23,2026-01-26 12:00:00,2036368773715809,Ava Brown,08/2027
365,49,23,2026-02-01 12:00:00,4938210986934054,Evelyn Wong,09/2027
366,66,23,2026-01-30 12:00:00,0558462392784658,Diego Johnson,10/2031
367,27,23,2026-02-04 12:00:00,7667239447615541,Benjamin Wong,10/2031
368,111,23,2026-01-09 12:00:00,6755422001641257,Jack Patel,05/2028
369,59,23,2026-01-06 12:00:00,8700045131871474,Mia Tremblay,12/2027
370,44,23,2026-01-25 12:00:00,2341600465324370,Priya Ivanov,01/2029
371,53,23,2026-02-03 12:00:00,7505853628498055,Amelia Reyes,11/2029
372,50,23,2026-01-06 12:00:00,0917219180719310,Jack Cote,01/2031
373,109,23,2026-01-10 12:00:00,1611437185886871,Isabella Silva,01/2032
374,50,23,2026-01-18 12:00:00,0917219180719310,Jack Cote,01/2031
375,62,23,2026-01-10 12:00:00,8325650001753113,Aria Rossi,07/2032
376,30,23,2026-01-21 12:00:00,2978021648928515,James Smith,10/2030
377,69,23,2026-01-12 12:00:00,3398189729220306,Lucas Johnson,08/2027
378,35,23,2026-01-14 12:00:00,7968551643596791,Diego Lee,11/2031
379,103,23,2026-01-13 12:00:00,4569642270478814,Charlotte Chen,07/2029
380,84,23,2026-01-25 12:00:00,3500182999659809,Leo Taylor,09/2028
381,36,23,2026-01-19 12:00:00,3672981520730856,Liam Martin,06/2028
382,14,23,2026-01-11 12:00:00,4741752530372497,James Martin,05/2032
383,51,23,2026-01-08 12:00:00,2488531638482836,Daniel Brown,07/2027
384,48,23,2026-01-11 12:00:00,9102756282500012,Priya Chen,12/2029
385,95,23,2026-01-15 12:00:00,4508091978931693,Amelia Bouchard,08/2028
386,81,23,2026-01-15 12:00:00,5664579381005895,Emma Rossi,01/2029
387,65,23,2026-01-30 12:00:00,4947624696603128,Benjamin Ivanov,08/2028
388,59,23,2026-01-07 12:00:00,8700045131871474,Mia Tremblay,12/2027
389,57,23,2026-01-21 12:00:00,6785160114724176,Leo Bouchard,01/2029
390,70,23,2026-01-27 12:00:00,0639587528220973,Leo Garcia,10/2027
391,25,23,2026-01-29 12:00:00,6807109000644840,Evelyn Wilson,06/2030
392,32,23,2026-01-25 12:00:00,2518706548233689,Mia Murphy,09/2030
393,67,23,2026-01-18 12:00:00,5895125119438584,Amelia Ali,02/2030
394,43,23,2026-01-16 12:00:00,9299563203116090,Sophia Singh,08/2032
395,69,23,2026-01-19 12:00:00,3398189729220306,Lucas Johnson,08/2027
396,35,23,2026-01-13 12:00:00,7968551643596791,Diego Lee,11/2031
397,31,23,2026-01-24 12:00:00,9112276454062799,Leo Chen,10/2029
398,90,23,2026-01-20 12:00:00,4342520465623538,Evelyn Taylor,09/2030
399,62,23,2026-01-15 12:00:00,8325650001753113,Aria Rossi,07/2032
400,109,23,2026-01-15 12:00:00,1611437185886871,Isabella Silva,01/2032
401,17,23,2026-01-12 12:00:00,3372546394802422,Diego Singh,04/2028
402,94,23,2026-01-13 12:00:00,6538481731412789,Aria Reyes,12/2031
403,93,23,2026-01-08 12:00:00,3429498491935035,Priya Haddad,05/2027
404,11,23,2026-02-02 12:00:00,6502823034353366,Charlotte Garcia,04/2027
405,68,23,2026-02-03 12:00:00,6035598152497403,Evelyn Ali,07/2029
406,92,23,2026-01-17 12:00:00,9155835287592161,Daniel Kim,10/2032
407,46,23,2026-01-26 12:00:00,3557619070277485,Emma Ivanov,07/2030
408,60,23,2026-01-15 12:00:00,5757701799645340,Leo Lee,02/2027
409,100,23,2026-01-28 12:00:00,1391990981279502,Emma Smith,04/2030
410,29,23,2026-01-31 12:00:00,3854909820421754,Ethan Reyes,03/2032
411,60,23,2026-01-14 12:00:00,5757701799645340,Leo Lee,02/2027
412,89,23,2026-01-22 12:00:00,2036368773715809,Ava Brown,08/2027
413,9,23,2026-01-27 12:00:00,5607691521294186,Noah Roy,08/2031
414,14,23,2026-01-22 12:00:00,4741752530372497,James Martin,05/2032
415,108,23,2026-01-28 12:00:00,9987871564484661,Leo Patel,04/2029
416,30,23,2026-01-14 12:00:00,2978021648928515,James Smith,10/2030
417,109,23,2026-01-12 12:00:00,1611437185886871,Isabella Silva,01/2032
418,94,23,2026-01-07 12:00:00,6538481731412789,Aria Reyes,12/2031
419,115,23,2026-01-24 12:00:00,5927482846195543,Diego Haddad,10/2027
420,58,23,2026-01-12 12:00:00,6253379689888769,Omar Chen,05/2030
421,19,23,2026-01-22 12:00:00,6977878107714137,Evelyn Murphy,12/2027
422,102,23,2026-01-07 12:00:00,3831048397361066,Isabella Khan,05/2032
423,116,23,2026-01-24 12:00:00,9513197985494038,Sophia Tremblay,08/2031
424,30,23,2026-01-09 12:00:00,2978021648928515,James Smith,10/2030
425,20,23,2026-01-16 12:00:00,2250145018520535,Leo Ali,02/2030
426,73,23,2026-01-14 12:00:00,9826564570988902,Amelia Bouchard,11/2032
427,38,23,2026-01-24 12:00:00,6154525877890920,Benjamin Ivanov,09/2030
428,10,23,2026-01-14 12:00:00,2051874756101363,Liam Patel,11/2031
429,99,23,2026-01-07 12:00:00,1982852554404147,Evelyn Cote,10/2030
430,43,23,2026-01-26 12:00:00,9299563203116090,Sophia Singh,08/2032
431,99,23,2026-01-24 12:00:00,1982852554404147,Evelyn Cote,10/2030
432,66,23,2026-01-15 12:00:00,0558462392784658,Diego Johnson,10/2031
433,81,23,2026-02-01 12:00:00,5664579381005895,Emma Rossi,01/2029
434,47,23,2026-01-29 12:00:00,7096990102475833,Aria Cote,02/2031
435,52,23,2026-01-23 12:00:00,3646644112750174,Benjamin Garcia,06/2027
436,104,23,2026-01-18 12:00:00,1479466055234744,Isabella Reyes,05/2029
437,91,23,2026-01-31 12:00:00,9505832296152169,Olivia Smith,03/2028
438,115,23,2026-01-22 12:00:00,5927482846195543,Diego Haddad,10/2027
439,18,23,2026-01-28 12:00:00,3476824185216484,William Murphy,02/2028
440,29,23,2026-01-22 12:00:00,3854909820421754,Ethan Reyes,03/2032
441,37,23,2026-01-24 12:00:00,0170604874253468,Daniel Cote,10/2031
442,53,23,2026-01-23 12:00:00,7505853628498055,Amelia Reyes,11/2029
443,88,23,2026-01-17 12:00:00,3168689258605372,Ethan Cote,11/2028
444,62,23,2026-01-27 12:00:00,8325650001753113,Aria Rossi,07/2032
445,108,23,2026-01-17 12:00:00,9987871564484661,Leo Patel,04/2029
446,28,23,2026-01-07 12:00:00,7466000243595289,Harper Murphy,09/2030
447,116,23,2026-01-19 12:00:00,9513197985494038,Sophia Tremblay,08/2031
448,62,23,2026-01-13 12:00:00,8325650001753113,Aria Rossi,07/2032
449,59,23,2026-02-01 12:00:00,8700045131871474,Mia Tremblay,12/2027
450,38,23,2026-01-12 12:00:00,6154525877890920,Benjamin Ivanov,09/2030
451,9,23,2026-01-20 12:00:00,5607691521294186,Noah Roy,08/2031
452,116,23,2026-02-02 12:00:00,9513197985494038,Sophia Tremblay,08/2031
453,77,23,2026-02-04 12:00:00,4338482279751968,James Brown,08/2032
454,77,23,2026-01-17 12:00:00,4338482279751968,James Brown,08/2032
455,11,23,2026-01-28 12:00:00,6502823034353366,Charlotte Garcia,04/2027
456,51,23,2026-01-21 12:00:00,2488531638482836,Daniel Brown,07/2027
457,39,23,2026-02-01 12:00:00,2806367822978312,Olivia Smith,04/2031
458,78,23,2026-01-23 12:00:00,6787634862146272,Noah Reyes,10/2029
459,92,23,2026-01-29 12:00:00,9155835287592161,Daniel Kim,10/2032
460,108,23,2026-01-11 12:00:00,9987871564484661,Leo Patel,04/2029
461,96,23,2026-01-31 12:00:00,6960487089703278,Noah Roy,06/2027
462,31,23,2026-01-13 12:00:00,9112276454062799,Leo Chen,10/2029
463,48,23,2026-01-27 12:00:00,9102756282500012,Priya Chen,12/2029
464,64,23,2026-01-08 12:00:00,8555601770605440,Matthew Wong,07/2032
465,93,23,2026-01-13 12:00:00,3429498491935035,Priya Haddad,05/2027
466,83,23,2026-02-03 12:00:00,0846063984417452,Charlotte Johnson,05/2032
467,103,23,2026-01-17 12:00:00,4569642270478814,Charlotte Chen,07/2029
468,98,23,2026-01-14 12:00:00,2878661531292755,William Khan,06/2031
469,65,23,2026-01-13 12:00:00,4947624696603128,Benjamin Ivanov,08/2028
470,22,23,2026-01-14 12:00:00,6922579665759376,Diego Haddad,11/2030
471,41,23,2026-01-13 12:00:00,3013599738450417,Olivia Ali,12/2027
472,106,23,2026-02-04 12:00:00,1351819752865907,Zoe Ali,05/2028
473,36,23,2026-01-21 12:00:00,3672981520730856,Liam Martin,06/2028
474,33,23,2026-01-22 12:00:00,7145175160045340,Mia Lee,07/2031
475,60,23,2026-02-01 12:00:00,5757701799645340,Leo Lee,02/2027
476,100,23,2026-01-12 12:00:00,1391990981279502,Emma Smith,04/2030
477,107,23,2026-02-02 12:00:00,2417229212255183,Emma Wong,09/2027
478,68,23,2026-02-02 12:00:00,6035598152497403,Evelyn Ali,07/2029
479,74,23,2026-01-24 12:00:00,7965387516781499,Ethan Ali,07/2031
480,44,23,2026-01-07 12:00:00,2341600465324370,Priya Ivanov,01/2029
481,89,23,2026-01-24 12:00:00,2036368773715809,Ava Brown,08/2027
482,48,23,2026-01-25 12:00:00,9102756282500012,Priya Chen,12/2029
483,60,23,2026-01-25 12:00:00,5757701799645340,Leo Lee,02/2027
484,109,23,2026-01-22 12:00:00,1611437185886871,Isabella Silva,01/2032
485,75,23,2026-01-08 12:00:00,7414675934419123,Matthew Bouchard,01/2030
486,26,23,2026-01-15 12:00:00,6445150381655974,Lucas Johnson,02/2030
487,64,23,2026-01-15 12:00:00,8555601770605440,Matthew Wong,07/2032
488,95,23,2026-01-14 12:00:00,4508091978931693,Amelia Bouchard,08/2028
489,46,23,2026-01-26 12:00:00,3557619070277485,Emma Ivanov,07/2030
490,63,23,2026-01-12 12:00:00,5278792557980077,Sophia Khan,09/2032
491,83,23,2026-01-08 12:00:00,0846063984417452,Charlotte Johnson,05/2032
492,110,23,2026-01-16 12:00:00,3180243506686185,Benjamin Khan,05/2030
493,113,23,2026-01-17 12:00:00,2393777956038556,Ethan Chen,08/2027
494,19,23,2026-01-26 12:00:00,6977878107714137,Evelyn Murphy,12/2027
495,80,23,2026-01-13 12:00:00,7017773811163440,Sophia Haddad,02/2028
496,32,23,2026-01-30 12:00:00,2518706548233689,Mia Murphy,09/2030
497,69,23,2026-01-16 12:00:00,3398189729220306,Lucas Johnson,08/2027
498,79,23,2026-01-13 12:00:00,9515453918731015,Harper Khan,10/2029
499,50,23,2026-02-04 12:00:00,0917219180719310,Jack Cote,01/2031
500,81,23,2026-01-20 12:00:00,5664579381005895,Emma Rossi,01/2029
501,15,23,2026-01-25 12:00:00,8789668913929011,Daniel Taylor,11/2028
502,93,23,2026-02-03 12:00:00,3429498491935035,Priya Haddad,05/2027
503,30,23,2026-01-25 12:00:00,2978021648928515,James Smith,10/2030
504,10,23,2026-02-03 12:00:00,2051874756101363,Liam Patel,11/2031
505,27,23,2026-01-29 12:00:00,7667239447615541,Benjamin Wong,10/2031
506,92,23,2026-01-22 12:00:00,9155835287592161,Daniel Kim,10/2032
507,25,23,2026-01-15 12:00:00,6807109000644840,Evelyn Wilson,06/2030
508,22,23,2026-01-16 12:00:00,6922579665759376,Diego Haddad,11/2030
509,16,23,2026-01-21 12:00:00,2776415774721555,Sophia Martin,06/2027
510,7,23,2026-01-19 12:00:00,9849261090202441,Harper Khan,09/2031
511,75,23,2026-01-22 12:00:00,7414675934419123,Matthew Bouchard,01/2030
512,45,23,2026-01-14 12:00:00,9375892808481867,Daniel Nguyen,05/2031
513,102,23,2026-01-25 12:00:00,3831048397361066,Isabella Khan,05/2032
514,67,23,2026-01-24 12:00:00,5895125119438584,Amelia Ali,02/2030
515,107,23,2026-01-11 12:00:00,2417229212255183,Emma Wong,09/2027
516,91,23,2026-01-09 12:00:00,9505832296152169,Olivia Smith,03/2028
517,115,23,2026-01-12 12:00:00,5927482846195543,Diego Haddad,10/2027
518,17,23,2026-01-09 12:00:00,3372546394802422,Diego Singh,04/2028
519,82,23,2026-01-08 12:00:00,8249723798944705,Daniel Rossi,08/2031
520,72,23,2026-01-30 12:00:00,3776575189364208,Noah Lee,04/2032
521,57,23,2026-01-30 12:00:00,6785160114724176,Leo Bouchard,01/2029
522,14,23,2026-01-08 12:00:00,4741752530372497,James Martin,05/2032
523,46,23,2026-01-12 12:00:00,3557619070277485,Emma Ivanov,07/2030
524,50,23,2026-01-21 12:00:00,0917219180719310,Jack Cote,01/2031
525,48,23,2026-02-04 12:00:00,9102756282500012,Priya Chen,12/2029
526,80,23,2026-02-04 12:00:00,7017773811163440,Sophia Haddad,02/2028
527,91,23,2026-02-01 12:00:00,9505832296152169,Olivia Smith,03/2028
528,65,23,2026-01-12 12:00:00,4947624696603128,Benjamin Ivanov,08/2028
529,39,23,2026-02-04 12:00:00,2806367822978312,Olivia Smith,04/2031
530,68,23,2026-01-22 12:00:00,6035598152497403,Evelyn Ali,07/2029
531,15,23,2026-01-21 12:00:00,8789668913929011,Daniel Taylor,11/2028
532,46,23,2026-01-11 12:00:00,3557619070277485,Emma Ivanov,07/2030
533,32,23,2026-01-08 12:00:00,2518706548233689,Mia Murphy,09/2030
534,99,23,2026-01-15 12:00:00,1982852554404147,Evelyn Cote,10/2030
535,74,23,2026-01-22 12:00:00,7965387516781499,Ethan Ali,07/2031
536,114,23,2026-01-21 12:00:00,7072829061603852,Daniel Martin,08/2028
537,80,23,2026-01-19 12:00:00,7017773811163440,Sophia Haddad,02/2028
538,26,23,2026-02-02 12:00:00,6445150381655974,Lucas Johnson,02/2030
539,99,23,2026-01-14 12:00:00,1982852554404147,Evelyn Cote,10/2030
540,74,23,2026-01-07 12:00:00,7965387516781499,Ethan Ali,07/2031
541,69,23,2026-02-01 12:00:00,3398189729220306,Lucas Johnson,08/2027
542,28,23,2026-01-24 12:00:00,7466000243595289,Harper Murphy,09/2030
543,98,23,2026-01-28 12:00:00,2878661531292755,William Khan,06/2031
544,111,23,2026-01-13 12:00:00,6755422001641257,Jack Patel,05/2028
545,55,23,2026-01-12 12:00:00,9145130748041416,Daniel Cote,05/2029
546,42,23,2026-01-31 12:00:00,4669604746191076,James Haddad,06/2028
547,107,23,2026-01-12 12:00:00,2417229212255183,Emma Wong,09/2027
548,22,23,2026-01-08 12:00:00,6922579665759376,Diego Haddad,11/2030
549,18,23,2026-01-24 12:00:00,3476824185216484,William Murphy,02/2028
550,36,23,2026-01-27 12:00:00,3672981520730856,Liam Martin,06/2028
551,45,23,2026-01-18 12:00:00,9375892808481867,Daniel Nguyen,05/2031
552,64,23,2026-01-18 12:00:00,8555601770605440,Matthew Wong,07/2032
553,22,6,2026-06-02 12:00:00,6922579665759376,Diego Haddad,11/2030
554,66,6,2026-05-18 12:00:00,0558462392784658,Diego Johnson,10/2031
555,24,6,2026-06-03 12:00:00,2089116013188680,Mia Chen,06/2032
556,23,6,2026-05-31 12:00:00,9211717110488637,Olivia Wong,01/2028
557,68,6,2026-05-31 12:00:00,6035598152497403,Evelyn Ali,07/2029
558,72,6,2026-06-01 12:00:00,3776575189364208,Noah Lee,04/2032
559,78,6,2026-05-09 12:00:00,6787634862146272,Noah Reyes,10/2029
560,107,6,2026-05-09 12:00:00,2417229212255183,Emma Wong,09/2027
561,24,6,2026-05-12 12:00:00,2089116013188680,Mia Chen,06/2032
562,23,6,2026-05-12 12:00:00,9211717110488637,Olivia Wong,01/2028
563,45,6,2026-05-09 12:00:00,9375892808481867,Daniel Nguyen,05/2031
564,35,6,2026-05-29 12:00:00,7968551643596791,Diego Lee,11/2031
565,48,6,2026-05-08 12:00:00,9102756282500012,Priya Chen,12/2029
566,54,6,2026-05-20 12:00:00,0965706130190082,Evelyn Smith,08/2027
567,83,6,2026-05-07 12:00:00,0846063984417452,Charlotte Johnson,05/2032
568,90,6,2026-05-10 12:00:00,4342520465623538,Evelyn Taylor,09/2030
569,94,6,2026-05-30 12:00:00,6538481731412789,Aria Reyes,12/2031
570,27,6,2026-05-09 12:00:00,7667239447615541,Benjamin Wong,10/2031
571,115,6,2026-05-08 12:00:00,5927482846195543,Diego Haddad,10/2027
572,16,6,2026-05-30 12:00:00,2776415774721555,Sophia Martin,06/2027
573,89,6,2026-05-24 12:00:00,2036368773715809,Ava Brown,08/2027
574,63,6,2026-05-26 12:00:00,5278792557980077,Sophia Khan,09/2032
575,26,6,2026-05-08 12:00:00,6445150381655974,Lucas Johnson,02/2030
576,43,6,2026-05-19 12:00:00,9299563203116090,Sophia Singh,08/2032
577,10,6,2026-05-22 12:00:00,2051874756101363,Liam Patel,11/2031
578,84,6,2026-05-08 12:00:00,3500182999659809,Leo Taylor,09/2028
579,26,6,2026-05-31 12:00:00,6445150381655974,Lucas Johnson,02/2030
580,84,6,2026-05-29 12:00:00,3500182999659809,Leo Taylor,09/2028
581,40,6,2026-05-25 12:00:00,4748075051104193,Isabella Tremblay,05/2031
582,73,6,2026-05-10 12:00:00,9826564570988902,Amelia Bouchard,11/2032
583,114,6,2026-05-10 12:00:00,7072829061603852,Daniel Martin,08/2028
584,116,6,2026-05-16 12:00:00,9513197985494038,Sophia Tremblay,08/2031
585,104,6,2026-05-31 12:00:00,1479466055234744,Isabella Reyes,05/2029
586,81,6,2026-05-30 12:00:00,5664579381005895,Emma Rossi,01/2029
587,72,6,2026-05-26 12:00:00,3776575189364208,Noah Lee,04/2032
588,65,6,2026-06-02 12:00:00,4947624696603128,Benjamin Ivanov,08/2028
589,87,6,2026-05-07 12:00:00,6801259778394698,Leo Wong,07/2029
590,41,6,2026-05-31 12:00:00,3013599738450417,Olivia Ali,12/2027
591,32,6,2026-05-27 12:00:00,2518706548233689,Mia Murphy,09/2030
592,23,6,2026-06-01 12:00:00,9211717110488637,Olivia Wong,01/2028
593,25,6,2026-05-09 12:00:00,6807109000644840,Evelyn Wilson,06/2030
594,27,32,2026-01-13 12:00:00,7667239447615541,Benjamin Wong,10/2031
595,43,32,2026-02-09 12:00:00,9299563203116090,Sophia Singh,08/2032
596,90,32,2026-01-22 12:00:00,4342520465623538,Evelyn Taylor,09/2030
597,36,32,2026-01-24 12:00:00,3672981520730856,Liam Martin,06/2028
598,88,32,2026-01-16 12:00:00,3168689258605372,Ethan Cote,11/2028
599,87,32,2026-02-03 12:00:00,6801259778394698,Leo Wong,07/2029
600,49,32,2026-01-13 12:00:00,4938210986934054,Evelyn Wong,09/2027
601,73,32,2026-02-04 12:00:00,9826564570988902,Amelia Bouchard,11/2032
602,60,32,2026-01-23 12:00:00,5757701799645340,Leo Lee,02/2027
603,69,32,2026-01-20 12:00:00,3398189729220306,Lucas Johnson,08/2027
604,116,32,2026-02-10 12:00:00,9513197985494038,Sophia Tremblay,08/2031
605,28,32,2026-01-22 12:00:00,7466000243595289,Harper Murphy,09/2030
606,44,32,2026-01-27 12:00:00,2341600465324370,Priya Ivanov,01/2029
607,22,32,2026-01-30 12:00:00,6922579665759376,Diego Haddad,11/2030
608,68,32,2026-01-30 12:00:00,6035598152497403,Evelyn Ali,07/2029
609,40,32,2026-01-13 12:00:00,4748075051104193,Isabella Tremblay,05/2031
610,7,32,2026-02-08 12:00:00,9849261090202441,Harper Khan,09/2031
611,95,32,2026-01-25 12:00:00,4508091978931693,Amelia Bouchard,08/2028
612,101,32,2026-01-29 12:00:00,4994057955152225,Isabella Khan,09/2027
613,84,32,2026-01-26 12:00:00,3500182999659809,Leo Taylor,09/2028
614,9,32,2026-01-13 12:00:00,5607691521294186,Noah Roy,08/2031
615,30,32,2026-01-21 12:00:00,2978021648928515,James Smith,10/2030
616,99,32,2026-01-18 12:00:00,1982852554404147,Evelyn Cote,10/2030
617,56,32,2026-01-22 12:00:00,7945719942544063,Benjamin Cote,04/2031
618,72,32,2026-02-06 12:00:00,3776575189364208,Noah Lee,04/2032
619,82,32,2026-01-29 12:00:00,8249723798944705,Daniel Rossi,08/2031
620,56,32,2026-02-10 12:00:00,7945719942544063,Benjamin Cote,04/2031
621,44,32,2026-01-13 12:00:00,2341600465324370,Priya Ivanov,01/2029
622,110,32,2026-01-29 12:00:00,3180243506686185,Benjamin Khan,05/2030
623,62,32,2026-01-24 12:00:00,8325650001753113,Aria Rossi,07/2032
624,64,32,2026-01-18 12:00:00,8555601770605440,Matthew Wong,07/2032
625,105,27,2025-12-06 12:00:00,5661290945607411,Daniel Wong,03/2029
626,111,27,2025-11-23 12:00:00,6755422001641257,Jack Patel,05/2028
627,72,27,2025-11-27 12:00:00,3776575189364208,Noah Lee,04/2032
628,30,27,2025-11-14 12:00:00,2978021648928515,James Smith,10/2030
629,44,27,2025-11-23 12:00:00,2341600465324370,Priya Ivanov,01/2029
630,65,27,2025-11-11 12:00:00,4947624696603128,Benjamin Ivanov,08/2028
631,17,27,2025-12-06 12:00:00,3372546394802422,Diego Singh,04/2028
632,65,27,2025-11-30 12:00:00,4947624696603128,Benjamin Ivanov,08/2028
633,60,27,2025-11-30 12:00:00,5757701799645340,Leo Lee,02/2027
634,29,27,2025-11-23 12:00:00,3854909820421754,Ethan Reyes,03/2032
635,10,27,2025-11-07 12:00:00,2051874756101363,Liam Patel,11/2031
636,114,27,2025-12-06 12:00:00,7072829061603852,Daniel Martin,08/2028
637,25,27,2025-12-04 12:00:00,6807109000644840,Evelyn Wilson,06/2030
638,28,27,2025-11-18 12:00:00,7466000243595289,Harper Murphy,09/2030
639,22,27,2025-11-10 12:00:00,6922579665759376,Diego Haddad,11/2030
640,73,27,2025-12-06 12:00:00,9826564570988902,Amelia Bouchard,11/2032
641,38,27,2025-11-29 12:00:00,6154525877890920,Benjamin Ivanov,09/2030
642,51,27,2025-11-19 12:00:00,2488531638482836,Daniel Brown,07/2027
643,7,27,2025-11-15 12:00:00,9849261090202441,Harper Khan,09/2031
644,27,27,2025-11-23 12:00:00,7667239447615541,Benjamin Wong,10/2031
645,25,27,2025-11-16 12:00:00,6807109000644840,Evelyn Wilson,06/2030
646,46,27,2025-12-03 12:00:00,3557619070277485,Emma Ivanov,07/2030
647,90,27,2025-12-03 12:00:00,4342520465623538,Evelyn Taylor,09/2030
648,105,27,2025-11-11 12:00:00,5661290945607411,Daniel Wong,03/2029
649,65,27,2025-11-25 12:00:00,4947624696603128,Benjamin Ivanov,08/2028
650,49,27,2025-11-22 12:00:00,4938210986934054,Evelyn Wong,09/2027
651,115,27,2025-11-19 12:00:00,5927482846195543,Diego Haddad,10/2027
652,110,27,2025-11-25 12:00:00,3180243506686185,Benjamin Khan,05/2030
653,54,27,2025-11-29 12:00:00,0965706130190082,Evelyn Smith,08/2027
654,97,27,2025-11-23 12:00:00,1242502449602709,Evelyn Taylor,12/2029
655,96,27,2025-11-14 12:00:00,6960487089703278,Noah Roy,06/2027
656,7,27,2025-11-26 12:00:00,9849261090202441,Harper Khan,09/2031
657,54,27,2025-11-16 12:00:00,0965706130190082,Evelyn Smith,08/2027
658,86,27,2025-11-19 12:00:00,0013027333503572,Ethan Martin,03/2028
659,88,27,2025-11-07 12:00:00,3168689258605372,Ethan Cote,11/2028
660,35,27,2025-11-11 12:00:00,7968551643596791,Diego Lee,11/2031
661,104,27,2025-11-17 12:00:00,1479466055234744,Isabella Reyes,05/2029
662,58,27,2025-12-02 12:00:00,6253379689888769,Omar Chen,05/2030
663,72,27,2025-12-03 12:00:00,3776575189364208,Noah Lee,04/2032
664,7,27,2025-11-11 12:00:00,9849261090202441,Harper Khan,09/2031
665,79,27,2025-12-01 12:00:00,9515453918731015,Harper Khan,10/2029
666,30,27,2025-11-09 12:00:00,2978021648928515,James Smith,10/2030
667,48,27,2025-11-28 12:00:00,9102756282500012,Priya Chen,12/2029
668,84,27,2025-11-09 12:00:00,3500182999659809,Leo Taylor,09/2028
669,109,27,2025-11-30 12:00:00,1611437185886871,Isabella Silva,01/2032
670,76,27,2025-11-23 12:00:00,3651404644966246,William Singh,08/2027
671,79,27,2025-11-08 12:00:00,9515453918731015,Harper Khan,10/2029
672,22,27,2025-11-11 12:00:00,6922579665759376,Diego Haddad,11/2030
673,102,27,2025-11-27 12:00:00,3831048397361066,Isabella Khan,05/2032
674,17,27,2025-11-19 12:00:00,3372546394802422,Diego Singh,04/2028
675,55,27,2025-11-28 12:00:00,9145130748041416,Daniel Cote,05/2029
676,65,27,2025-11-09 12:00:00,4947624696603128,Benjamin Ivanov,08/2028
677,23,27,2025-12-06 12:00:00,9211717110488637,Olivia Wong,01/2028
678,20,27,2025-11-11 12:00:00,2250145018520535,Leo Ali,02/2030
679,62,27,2025-11-15 12:00:00,8325650001753113,Aria Rossi,07/2032
680,109,27,2025-11-17 12:00:00,1611437185886871,Isabella Silva,01/2032
681,98,27,2025-12-01 12:00:00,2878661531292755,William Khan,06/2031
682,52,27,2025-12-01 12:00:00,3646644112750174,Benjamin Garcia,06/2027
683,67,27,2025-11-07 12:00:00,5895125119438584,Amelia Ali,02/2030
684,27,27,2025-11-25 12:00:00,7667239447615541,Benjamin Wong,10/2031
685,83,27,2025-12-02 12:00:00,0846063984417452,Charlotte Johnson,05/2032
686,73,27,2025-11-15 12:00:00,9826564570988902,Amelia Bouchard,11/2032
687,77,27,2025-11-16 12:00:00,4338482279751968,James Brown,08/2032
688,72,27,2025-11-15 12:00:00,3776575189364208,Noah Lee,04/2032
689,98,27,2025-11-13 12:00:00,2878661531292755,William Khan,06/2031
690,30,27,2025-11-19 12:00:00,2978021648928515,James Smith,10/2030
691,24,27,2025-11-24 12:00:00,2089116013188680,Mia Chen,06/2032
692,57,27,2025-11-28 12:00:00,6785160114724176,Leo Bouchard,01/2029
693,46,27,2025-11-27 12:00:00,3557619070277485,Emma Ivanov,07/2030
694,50,27,2025-12-06 12:00:00,0917219180719310,Jack Cote,01/2031
695,24,27,2025-11-15 12:00:00,2089116013188680,Mia Chen,06/2032
696,113,27,2025-11-24 12:00:00,2393777956038556,Ethan Chen,08/2027
697,55,27,2025-12-03 12:00:00,9145130748041416,Daniel Cote,05/2029
698,109,27,2025-11-10 12:00:00,1611437185886871,Isabella Silva,01/2032
699,93,27,2025-11-17 12:00:00,3429498491935035,Priya Haddad,05/2027
700,7,27,2025-11-15 12:00:00,9849261090202441,Harper Khan,09/2031
701,78,27,2025-12-04 12:00:00,6787634862146272,Noah Reyes,10/2029
702,40,27,2025-11-17 12:00:00,4748075051104193,Isabella Tremblay,05/2031
703,61,27,2025-11-25 12:00:00,6091714242445345,Emma Patel,11/2030
704,52,27,2025-12-05 12:00:00,3646644112750174,Benjamin Garcia,06/2027
705,32,27,2025-11-30 12:00:00,2518706548233689,Mia Murphy,09/2030
706,68,27,2025-11-14 12:00:00,6035598152497403,Evelyn Ali,07/2029
707,20,27,2025-11-28 12:00:00,2250145018520535,Leo Ali,02/2030
708,79,27,2025-11-25 12:00:00,9515453918731015,Harper Khan,10/2029
709,77,27,2025-11-29 12:00:00,4338482279751968,James Brown,08/2032
710,103,27,2025-11-22 12:00:00,4569642270478814,Charlotte Chen,07/2029
711,18,27,2025-11-08 12:00:00,3476824185216484,William Murphy,02/2028
712,83,27,2025-12-03 12:00:00,0846063984417452,Charlotte Johnson,05/2032
713,58,27,2025-11-29 12:00:00,6253379689888769,Omar Chen,05/2030
714,68,27,2025-11-25 12:00:00,6035598152497403,Evelyn Ali,07/2029
715,50,27,2025-11-26 12:00:00,0917219180719310,Jack Cote,01/2031
716,79,27,2025-11-08 12:00:00,9515453918731015,Harper Khan,10/2029
717,104,27,2025-11-15 12:00:00,1479466055234744,Isabella Reyes,05/2029
718,59,27,2025-11-25 12:00:00,8700045131871474,Mia Tremblay,12/2027
719,101,27,2025-11-25 12:00:00,4994057955152225,Isabella Khan,09/2027
720,37,27,2025-11-08 12:00:00,0170604874253468,Daniel Cote,10/2031
721,31,27,2025-11-09 12:00:00,9112276454062799,Leo Chen,10/2029
722,89,27,2025-12-04 12:00:00,2036368773715809,Ava Brown,08/2027
723,94,27,2025-11-07 12:00:00,6538481731412789,Aria Reyes,12/2031
724,24,27,2025-11-20 12:00:00,2089116013188680,Mia Chen,06/2032
725,69,1,2026-07-26 12:00:00,3398189729220306,Lucas Johnson,08/2027
726,101,1,2026-06-21 12:00:00,4994057955152225,Isabella Khan,09/2027
727,97,1,2026-05-03 12:00:00,1242502449602709,Evelyn Taylor,12/2029
728,102,11,2026-07-17 12:00:00,3831048397361066,Isabella Khan,05/2032
729,79,11,2026-05-20 12:00:00,9515453918731015,Harper Khan,10/2029
730,54,11,2026-07-15 12:00:00,0965706130190082,Evelyn Smith,08/2027
731,57,11,2026-07-17 12:00:00,6785160114724176,Leo Bouchard,01/2029
732,50,59,2026-07-31 12:00:00,0917219180719310,Jack Cote,01/2031
733,50,17,2026-01-19 12:00:00,0917219180719310,Jack Cote,01/2031
734,58,58,2026-01-03 12:00:00,6253379689888769,Omar Chen,05/2030
735,58,47,2026-01-08 12:00:00,6253379689888769,Omar Chen,05/2030
736,9,3,2025-10-24 12:00:00,5607691521294186,Noah Roy,08/2031
737,9,19,2026-02-17 12:00:00,5607691521294186,Noah Roy,08/2031
738,26,35,2026-07-26 12:00:00,6445150381655974,Lucas Johnson,02/2030
739,26,4,2026-02-12 12:00:00,6445150381655974,Lucas Johnson,02/2030
740,48,21,2025-10-16 12:00:00,9102756282500012,Priya Chen,12/2029
741,48,29,2026-04-29 12:00:00,9102756282500012,Priya Chen,12/2029
742,105,3,2026-03-17 12:00:00,5661290945607411,Daniel Wong,03/2029
743,105,47,2026-07-27 12:00:00,5661290945607411,Daniel Wong,03/2029
744,18,47,2026-05-01 12:00:00,3476824185216484,William Murphy,02/2028
745,18,29,2026-06-22 12:00:00,3476824185216484,William Murphy,02/2028
746,97,43,2026-01-11 12:00:00,1242502449602709,Evelyn Taylor,12/2029
747,97,49,2025-12-03 12:00:00,1242502449602709,Evelyn Taylor,12/2029
748,69,18,2026-07-10 12:00:00,3398189729220306,Lucas Johnson,08/2027
749,69,19,2026-04-18 12:00:00,3398189729220306,Lucas Johnson,08/2027
750,113,35,2026-02-07 12:00:00,2393777956038556,Ethan Chen,08/2027
751,113,44,2025-11-05 12:00:00,2393777956038556,Ethan Chen,08/2027
752,112,2,2026-02-25 12:00:00,1932428257983590,Zoe Cote,05/2032
753,112,49,2026-05-27 12:00:00,1932428257983590,Zoe Cote,05/2032
754,112,18,2026-03-16 12:00:00,1932428257983590,Zoe Cote,05/2032
755,112,50,2026-04-12 12:00:00,1932428257983590,Zoe Cote,05/2032
756,13,47,2026-03-02 12:00:00,6366102615548289,Zoe Lee,03/2032
757,13,29,2026-04-10 12:00:00,6366102615548289,Zoe Lee,03/2032
758,13,28,2026-05-09 12:00:00,6366102615548289,Zoe Lee,03/2032
759,13,15,2026-03-10 12:00:00,6366102615548289,Zoe Lee,03/2032
