row_id,section_id,row_name
1,1,A
2,1,B
3,1,C
4,1,D
5,1,E
6,1,F
7,1,G
8,1,H
9,1,I
10,1,J
11,2,A
12,2,B
13,2,C
14,2,D
15,2,E
16,2,F
17,2,G
18,2,H
19,2,I
20,2,J
21,2,K
22,2,L
23,2,M
24,2,N
25,2,O
26,2,P
27,2,Q
28,2,R
29,3,A
30,3,B
31,3,C
32,3,D
33,3,E
34,3,F
35,3,G
36,3,H
37,3,I
38,3,J
39,3,K
40,3,L
41,3,M
42,3,N
43,3,O
44,3,P
45,3,Q
46,3,R
47,3,S
48,3,T
49,3,U
50,3,V
51,3,W
52,3,X
53,5,A
54,5,B
55,5,C
56,5,D
57,5,E
58,5,F
59,5,G
60,5,H
61,5,I
62,5,J
63,5,K
64,5,L
65,5,M
66,5,N
67,6,A
68,6,B
69,6,C
70,6,D
71,6,E
72,6,F
73,6,G
74,6,H
75,6,I
76,6,J
77,6,K
78,6,L
79,6,M
80,6,N
81,6,O
82,6,P
83,6,Q
84,6,R
85,6,S
86,6,T
87,6,U
88,6,V
89,6,W
90,6,X
91,6,Y
92,6,Z
93,7,A
94,7,B
95,7,C
96,7,D
97,7,E
98,7,F
99,7,G
100,7,H
101,7,I
102,7,J
103,7,K
104,7,L
105,7,M
106,7,N
107,7,O
108,7,P
109,7,Q
110,7,R
111,7,S
112,7,T
113,7,U
114,7,V
115,7,W
116,7,X
117,7,Y
118,7,Z
119,7,AA
120,7,AB
121,7,AC
122,7,AD
123,7,AE
124,7,AF
125,7,AG
126,7,AH
127,8,A
128,8,B
129,8,C
130,8,D
131,8,E
132,8,F
133,8,G
134,8,H
135,8,I
136,8,J
137,8,K
138,8,L
139,8,M
140,8,N
141,9,A
142,9,B
143,9,C
144,9,D
145,9,E
146,9,F
147,9,G
148,9,H
149,9,I
150,9,J
151,10,A
152,10,B
153,10,C
154,10,D
155,10,E
156,10,F
157,10,G
158,10,H
159,11,A
160,11,B
161,11,C
162,11,D
163,11,E
164,11,F
165,11,G
166,11,H
167,11,I
168,11,J
169,11,K
170,11,L
171,11,M
172,11,N
173,12,A
174,12,B
175,12,C
176,12,D
177,12,E
178,12,F
179,12,G
180,12,H
181,12,I
182,12,J
183,13,A
184,13,B
185,13,C
186,13,D
187,13,E
188,13,F
189,13,G
190,13,H
191,14,A
192,14,B
193,14,C
194,14,D
195,14,E
196,14,F
197,14,G
198,14,H
199,14,I
200,14,J
201,15,A
202,15,B
203,15,C
204,15,D
205,15,E
206,15,F
207,15,G
208,15,H
209,15,I
210,15,J
211,15,K
212,15,L
213,15,M
214,15,N
215,15,O
216,15,P
217,15,Q
218,15,R
219,16,A
220,16,B
221,16,C
222,16,D
223,16,E
224,16,F
225,16,G
226,16,H
227,16,I
228,16,J
229,16,K
230,16,L
231,16,M
232,16,N
233,16,O
234,16,P
235,16,Q
236,16,R
237,16,S
238,16,T
239,16,U
240,16,V
241,16,W
242,16,X
243,18,A
244,18,B
245,18,C
246,18,D
247,18,E
248,18,F
249,18,G
250,18,H
251,18,I
252,18,J
253,19,A
254,19,B
255,19,C
256,19,D
257,19,E
258,19,F
259,19,G
260,19,H
261,19,I
262,19,J
263,19,K
264,19,L
265,19,M
266,19,N
267,19,O
268,19,P
269,19,Q
270,19,R
271,20,A
272,20,B
273,20,C
274,20,D
275,20,E
276,20,F
277,20,G
278,20,H
279,20,I
280,20,J
281,20,K
282,20,L
283,20,M
284,20,N
285,20,O
286,20,P
287,20,Q
288,20,R
289,20,S
290,20,T
291,20,U
292,20,V
293,20,W
294,20,X
295,23,A
296,23,B
297,23,C
298,23,D
299,23,E
300,23,F
301,24,A
302,24,B
303,24,C
304,24,D
305,24,E
306,24,F
307,24,G
308,24,H
309,24,I
310,24,J
311,25,A
312,25,B
313,25,C
314,25,D
315,25,E
316,25,F
317,25,G
318,25,H
319,25,I
320,25,J
321,25,K
322,25,L
323,25,M
324,25,N
325,25,O
326,25,P
327,25,Q
328,25,R
329,26,A
330,26,B
331,26,C
332,26,D
333,26,E
334,26,F
335,26,G
336,26,H
337,26,I
338,26,J
339,26,K
340,26,L
341,26,M
342,26,N
343,26,O
344,26,P
345,26,Q
346,26,R
347,26,S
348,26,T
349,26,U
350,26,V
351,26,W
352,26,X
