ticket_id,order_id,seat_id,ga_section_id,face_value,status,cancelled_at,cancel_type
1,1,3433,,110,CANCELLED,2026-06-08 12:00:00,CUSTOMER
2,2,3433,,110,ACTIVE,,
3,3,3434,,110,ACTIVE,,
4,4,3433,,110,ACTIVE,,
5,5,3434,,110,ACTIVE,,
6,5,3435,,110,ACTIVE,,
7,5,3436,,110,ACTIVE,,
8,6,6037,,150,ACTIVE,,
9,6,6038,,150,ACTIVE,,
10,6,6039,,150,ACTIVE,,
11,7,1,,180,ACTIVE,,
12,8,6037,,180,ACTIVE,,
13,9,6038,,180,ACTIVE,,
14,9,6039,,180,ACTIVE,,
15,9,6040,,180,ACTIVE,,
16,10,4149,,90,CANCELLED,2025-10-02 12:00:00,CUSTOMER
17,10,4150,,90,ACTIVE,,
18,11,7209,,36.0,CANCELLED,2025-09-14 12:00:00,CUSTOMER
19,11,7210,,36.0,ACTIVE,,
20,12,7211,,36.0,CANCELLED,2025-09-14 12:00:00,CUSTOMER
21,12,7212,,36.0,ACTIVE,,
22,13,4149,,130,CANCELLED,2026-01-10 12:00:00,PERFORMANCE
23,13,4150,,130,CANCELLED,2026-01-10 12:00:00,PERFORMANCE
24,13,4151,,130,CANCELLED,2026-01-10 12:00:00,PERFORMANCE
25,14,6037,,200,ACTIVE,,
26,14,6038,,200,ACTIVE,,
27,14,6039,,200,ACTIVE,,
28,15,6040,,200,ACTIVE,,
29,16,4865,,200,ACTIVE,,
30,16,4866,,200,ACTIVE,,
31,16,4867,,200,ACTIVE,,
32,17,4868,,200,ACTIVE,,
33,18,1173,,120,ACTIVE,,
34,18,1174,,120,ACTIVE,,
35,18,1175,,120,ACTIVE,,
36,19,1176,,120,CANCELLED,2025-11-15 12:00:00,CUSTOMER
37,19,1177,,120,ACTIVE,,
38,19,1178,,120,ACTIVE,,
39,20,3433,,130,ACTIVE,,
40,20,3434,,130,ACTIVE,,
41,21,3435,,130,ACTIVE,,
42,22,4865,,200,ACTIVE,,
43,23,4866,,200,ACTIVE,,
44,23,4867,,200,ACTIVE,,
45,24,4865,,200,ACTIVE,,
46,24,4866,,200,ACTIVE,,
47,24,4867,,200,ACTIVE,,
48,25,4868,,200,CANCELLED,2026-01-30 12:00:00,CUSTOMER
49,26,6037,,150,CANCELLED,2025-09-13 12:00:00,CUSTOMER
50,26,6038,,150,ACTIVE,,
51,27,6037,,150,ACTIVE,,
52,28,1173,,120,CANCELLED,2026-05-01 12:00:00,CUSTOMER
53,28,1174,,120,ACTIVE,,
54,28,1175,,120,ACTIVE,,
55,29,1176,,120,ACTIVE,,
56,29,1177,,120,ACTIVE,,
57,30,7317,,180,ACTIVE,,
58,30,7318,,180,ACTIVE,,
59,30,7319,,180,ACTIVE,,
60,31,7320,,180,CANCELLED,2025-09-03 12:00:00,CUSTOMER
61,32,7317,,180,CANCELLED,2025-10-30 12:00:00,PERFORMANCE
62,32,7318,,180,CANCELLED,2025-10-30 12:00:00,PERFORMANCE
63,33,7319,,180,CANCELLED,2025-10-30 12:00:00,PERFORMANCE
64,33,7320,,180,CANCELLED,2025-10-30 12:00:00,PERFORMANCE
65,34,7317,,180,ACTIVE,,
66,35,6037,,200,ACTIVE,,
67,35,6038,,200,ACTIVE,,
68,35,6039,,200,ACTIVE,,
69,36,3433,,110,ACTIVE,,
70,36,3434,,110,ACTIVE,,
71,36,3435,,110,ACTIVE,,
72,37,3433,,110,ACTIVE,,
73,38,3434,,110,ACTIVE,,
74,38,3435,,110,ACTIVE,,
75,39,3433,,110,ACTIVE,,
76,40,3433,,110,ACTIVE,,
77,40,3434,,110,ACTIVE,,
78,40,3435,,110,ACTIVE,,
79,41,3436,,110,ACTIVE,,
80,41,3437,,110,ACTIVE,,
81,42,3433,,110,ACTIVE,,
82,42,3434,,110,ACTIVE,,
83,43,3435,,110,ACTIVE,,
84,43,3436,,110,ACTIVE,,
85,44,1,,54.6,ACTIVE,,
86,44,2,,54.6,ACTIVE,,
87,44,3,,54.6,ACTIVE,,
88,45,7317,,150,ACTIVE,,
89,45,7318,,150,ACTIVE,,
90,46,3433,,110,ACTIVE,,
91,46,3434,,110,ACTIVE,,
92,47,3435,,110,ACTIVE,,
93,47,3436,,110,ACTIVE,,
94,47,3437,,110,ACTIVE,,
95,48,6037,,180,ACTIVE,,
96,48,6038,,180,ACTIVE,,
97,48,6039,,180,ACTIVE,,
98,49,6040,,180,ACTIVE,,
99,50,4149,,90,ACTIVE,,
100,51,7317,,180,ACTIVE,,
101,51,7318,,180,ACTIVE,,
102,51,7319,,180,ACTIVE,,
103,52,7320,,180,CANCELLED,2026-07-28 12:00:00,CUSTOMER
104,52,7321,,180,ACTIVE,,
105,52,7322,,180,ACTIVE,,
106,53,4865,,200,ACTIVE,,
107,53,4866,,200,ACTIVE,,
108,54,4867,,200,ACTIVE,,
109,54,4868,,200,ACTIVE,,
110,54,4869,,200,ACTIVE,,
111,55,3433,,90,CANCELLED,2026-07-27 12:00:00,CUSTOMER
112,55,3434,,90,ACTIVE,,
113,55,3435,,90,ACTIVE,,
114,56,6037,,200,CANCELLED,2026-07-31 12:00:00,CUSTOMER
115,57,6038,,200,CANCELLED,2026-07-28 12:00:00,CUSTOMER
116,57,6039,,200,ACTIVE,,
117,58,1,,180,ACTIVE,,
118,58,2,,180,ACTIVE,,
119,58,3,,180,ACTIVE,,
120,59,4,,180,ACTIVE,,
121,59,5,,180,ACTIVE,,
122,60,4865,,180,ACTIVE,,
123,61,6037,,200,ACTIVE,,
124,61,6038,,200,ACTIVE,,
125,62,6039,,200,ACTIVE,,
126,62,6040,,200,ACTIVE,,
127,62,6041,,200,ACTIVE,,
128,63,3501,,110,ACTIVE,,
129,64,3548,,110,ACTIVE,,
130,64,3727,,110,ACTIVE,,
131,65,4030,,46.2,ACTIVE,,
132,65,3864,,72.6,ACTIVE,,
133,65,3878,,72.6,ACTIVE,,
134,65,4093,,46.2,ACTIVE,,
135,66,4077,,46.2,ACTIVE,,
136,67,3656,,110,ACTIVE,,
137,67,3995,,46.2,ACTIVE,,
138,67,3822,,72.6,ACTIVE,,
139,68,4139,,46.2,ACTIVE,,
140,68,3507,,110,ACTIVE,,
141,69,3811,,72.6,ACTIVE,,
142,69,4105,,46.2,ACTIVE,,
143,69,3861,,72.6,ACTIVE,,
144,70,3962,,72.6,ACTIVE,,
145,70,3990,,46.2,ACTIVE,,
146,71,3917,,72.6,ACTIVE,,
147,71,4062,,46.2,ACTIVE,,
148,72,3965,,72.6,ACTIVE,,
149,72,3996,,46.2,ACTIVE,,
150,73,3606,,110,ACTIVE,,
151,73,3559,,110,ACTIVE,,
152,74,4074,,46.2,ACTIVE,,
153,74,4056,,46.2,ACTIVE,,
154,75,3955,,72.6,ACTIVE,,
155,75,3896,,72.6,ACTIVE,,
156,75,3949,,72.6,ACTIVE,,
157,75,3760,,110,ACTIVE,,
158,76,3709,,110,ACTIVE,,
159,76,3609,,110,ACTIVE,,
160,76,3788,,72.6,ACTIVE,,
161,77,3836,,72.6,ACTIVE,,
162,78,3886,,72.6,ACTIVE,,
163,78,3923,,72.6,ACTIVE,,
164,78,3850,,72.6,ACTIVE,,
165,79,3497,,110,ACTIVE,,
166,79,3566,,110,ACTIVE,,
167,79,3725,,110,ACTIVE,,
168,79,3617,,110,ACTIVE,,
169,80,3552,,110,ACTIVE,,
170,80,3717,,110,ACTIVE,,
171,80,3584,,110,ACTIVE,,
172,81,3513,,110,ACTIVE,,
173,81,4137,,46.2,ACTIVE,,
174,82,3848,,72.6,ACTIVE,,
175,82,3582,,110,ACTIVE,,
176,82,3670,,110,ACTIVE,,
177,83,3661,,110,ACTIVE,,
178,83,3535,,110,ACTIVE,,
179,84,3508,,110,ACTIVE,,
180,84,3469,,110,ACTIVE,,
181,84,3443,,110,ACTIVE,,
182,84,3757,,110,ACTIVE,,
183,85,3487,,110,ACTIVE,,
184,86,3446,,110,ACTIVE,,
185,86,3789,,72.6,ACTIVE,,
186,87,3889,,72.6,ACTIVE,,
187,88,3984,,72.6,ACTIVE,,
188,89,3958,,72.6,ACTIVE,,
189,90,3973,,72.6,ACTIVE,,
190,91,3762,,110,ACTIVE,,
191,91,3632,,110,ACTIVE,,
192,91,3550,,110,ACTIVE,,
193,92,4028,,46.2,ACTIVE,,
194,92,3902,,72.6,ACTIVE,,
195,92,3945,,72.6,ACTIVE,,
196,92,3488,,110,ACTIVE,,
197,93,4055,,46.2,ACTIVE,,
198,94,3849,,72.6,ACTIVE,,
199,94,3740,,110,ACTIVE,,
200,95,3929,,72.6,ACTIVE,,
201,95,3787,,72.6,ACTIVE,,
202,95,3944,,72.6,ACTIVE,,
203,96,3773,,72.6,ACTIVE,,
204,97,3463,,110,ACTIVE,,
205,97,4125,,46.2,ACTIVE,,
206,97,3826,,72.6,ACTIVE,,
207,98,4054,,46.2,ACTIVE,,
208,98,3622,,110,ACTIVE,,
209,99,4140,,46.2,ACTIVE,,
210,99,3720,,110,ACTIVE,,
211,99,4039,,46.2,ACTIVE,,
212,100,3613,,110,ACTIVE,,
213,100,3481,,110,ACTIVE,,
214,100,3524,,110,ACTIVE,,
215,100,3795,,72.6,ACTIVE,,
216,101,4009,,46.2,ACTIVE,,
217,101,4141,,46.2,ACTIVE,,
218,102,4086,,46.2,ACTIVE,,
219,102,3734,,110,ACTIVE,,
220,102,3770,,72.6,ACTIVE,,
221,103,3977,,72.6,ACTIVE,,
222,103,3667,,110,ACTIVE,,
223,104,3858,,72.6,ACTIVE,,
224,104,4008,,46.2,ACTIVE,,
225,104,3819,,72.6,ACTIVE,,
226,105,3546,,110,ACTIVE,,
227,106,3433,,110,ACTIVE,,
228,106,3969,,72.6,ACTIVE,,
229,107,4148,,46.2,ACTIVE,,
230,108,3928,,72.6,ACTIVE,,
231,108,3726,,110,ACTIVE,,
232,108,3459,,110,ACTIVE,,
233,108,3761,,110,ACTIVE,,
234,109,4112,,46.2,ACTIVE,,
235,109,3821,,72.6,ACTIVE,,
236,109,3839,,72.6,ACTIVE,,
237,109,3598,,110,ACTIVE,,
238,110,4044,,46.2,ACTIVE,,
239,111,3771,,72.6,ACTIVE,,
240,111,4118,,46.2,ACTIVE,,
241,111,3888,,72.6,ACTIVE,,
242,112,3605,,110,ACTIVE,,
243,113,3903,,72.6,ACTIVE,,
244,113,3865,,72.6,ACTIVE,,
245,114,3467,,110,ACTIVE,,
246,115,3915,,72.6,ACTIVE,,
247,115,3471,,110,ACTIVE,,
248,115,3785,,72.6,ACTIVE,,
249,115,3510,,110,ACTIVE,,
250,116,3986,,72.6,ACTIVE,,
251,116,4018,,46.2,ACTIVE,,
252,116,3504,,110,ACTIVE,,
253,117,3680,,110,ACTIVE,,
254,118,3528,,110,ACTIVE,,
255,118,3772,,72.6,ACTIVE,,
256,119,3681,,110,ACTIVE,,
257,119,4098,,46.2,ACTIVE,,
258,120,3649,,110,ACTIVE,,
259,120,3813,,72.6,ACTIVE,,
260,121,3815,,72.6,ACTIVE,,
261,121,3684,,110,ACTIVE,,
262,121,3512,,110,ACTIVE,,
263,121,3792,,72.6,ACTIVE,,
264,122,3922,,72.6,ACTIVE,,
265,122,3673,,110,ACTIVE,,
266,122,4035,,46.2,ACTIVE,,
267,123,3686,,110,ACTIVE,,
268,124,3626,,110,ACTIVE,,
269,124,3845,,72.6,ACTIVE,,
270,124,3718,,110,ACTIVE,,
271,124,3634,,110,ACTIVE,,
272,125,3885,,72.6,ACTIVE,,
273,125,3812,,72.6,ACTIVE,,
274,125,3834,,72.6,ACTIVE,,
275,125,3576,,110,ACTIVE,,
276,126,3818,,72.6,ACTIVE,,
277,127,3436,,110,ACTIVE,,
278,127,3989,,46.2,ACTIVE,,
279,127,4122,,46.2,ACTIVE,,
280,128,3750,,110,ACTIVE,,
281,128,3645,,110,ACTIVE,,
282,128,3983,,72.6,ACTIVE,,
283,128,3881,,72.6,ACTIVE,,
284,129,3749,,110,ACTIVE,,
285,129,3960,,72.6,ACTIVE,,
286,129,4015,,46.2,ACTIVE,,
287,129,3608,,110,ACTIVE,,
288,130,3777,,72.6,ACTIVE,,
289,130,3999,,46.2,ACTIVE,,
290,130,3575,,110,ACTIVE,,
291,130,3716,,110,ACTIVE,,
292,131,4114,,46.2,ACTIVE,,
293,131,4057,,46.2,ACTIVE,,
294,131,3841,,72.6,ACTIVE,,
295,131,3778,,72.6,ACTIVE,,
296,132,4040,,46.2,ACTIVE,,
297,132,3728,,110,ACTIVE,,
298,133,3631,,110,ACTIVE,,
299,133,3472,,110,ACTIVE,,
300,133,3974,,72.6,ACTIVE,,
301,134,3956,,72.6,ACTIVE,,
302,134,3650,,110,ACTIVE,,
303,134,3829,,72.6,ACTIVE,,
304,134,3872,,72.6,ACTIVE,,
305,135,3953,,72.6,ACTIVE,,
306,135,4138,,46.2,ACTIVE,,
307,135,4147,,46.2,ACTIVE,,
308,136,4087,,46.2,ACTIVE,,
309,136,3913,,72.6,ACTIVE,,
310,136,3895,,72.6,ACTIVE,,
311,136,3674,,110,ACTIVE,,
312,137,3741,,110,ACTIVE,,
313,137,3458,,110,ACTIVE,,
314,137,3780,,72.6,ACTIVE,,
315,138,3520,,110,ACTIVE,,
316,138,3542,,110,ACTIVE,,
317,138,3560,,110,ACTIVE,,
318,139,3521,,110,ACTIVE,,
319,139,3708,,110,ACTIVE,,
320,140,3743,,110,ACTIVE,,
321,140,3831,,72.6,ACTIVE,,
322,140,3786,,72.6,ACTIVE,,
323,140,3547,,110,ACTIVE,,
324,141,3540,,110,ACTIVE,,
325,141,4052,,46.2,ACTIVE,,
326,141,4007,,46.2,ACTIVE,,
327,142,3662,,110,ACTIVE,,
328,142,3538,,110,ACTIVE,,
329,143,3515,,110,ACTIVE,,
330,143,3517,,110,ACTIVE,,
331,144,4038,,46.2,ACTIVE,,
332,144,3452,,110,ACTIVE,,
333,144,3615,,110,ACTIVE,,
334,145,4076,,46.2,ACTIVE,,
335,145,3588,,110,ACTIVE,,
336,146,3442,,110,ACTIVE,,
337,146,3596,,110,ACTIVE,,
338,147,3457,,110,ACTIVE,,
339,148,3968,,72.6,ACTIVE,,
340,148,3759,,110,ACTIVE,,
341,148,3466,,110,ACTIVE,,
342,148,3637,,110,ACTIVE,,
343,149,3478,,110,ACTIVE,,
344,149,3804,,72.6,ACTIVE,,
345,149,3924,,72.6,ACTIVE,,
346,150,4129,,46.2,ACTIVE,,
347,151,3578,,110,ACTIVE,,
348,151,3942,,72.6,ACTIVE,,
349,152,3688,,110,ACTIVE,,
350,152,3920,,72.6,ACTIVE,,
351,152,3814,,72.6,ACTIVE,,
352,153,3587,,110,ACTIVE,,
353,154,3897,,72.6,ACTIVE,,
354,155,4068,,46.2,ACTIVE,,
355,155,3603,,110,ACTIVE,,
356,155,3619,,110,ACTIVE,,
357,156,3830,,72.6,ACTIVE,,
358,156,3748,,110,ACTIVE,,
359,156,3730,,110,ACTIVE,,
360,157,3621,,110,ACTIVE,,
361,158,3933,,72.6,ACTIVE,,
362,158,3851,,72.6,ACTIVE,,
363,158,3482,,110,ACTIVE,,
364,159,3574,,110,ACTIVE,,
365,159,3907,,72.6,ACTIVE,,
366,159,3978,,72.6,ACTIVE,,
367,160,3679,,110,ACTIVE,,
368,160,3781,,72.6,ACTIVE,,
369,161,4109,,46.2,ACTIVE,,
370,162,3736,,110,ACTIVE,,
371,162,3975,,72.6,ACTIVE,,
372,163,3946,,72.6,ACTIVE,,
373,163,3753,,110,ACTIVE,,
374,163,3672,,110,ACTIVE,,
375,163,3914,,72.6,ACTIVE,,
376,164,3768,,110,ACTIVE,,
377,164,4010,,46.2,ACTIVE,,
378,164,3569,,110,ACTIVE,,
379,164,4013,,46.2,ACTIVE,,
380,165,3747,,110,ACTIVE,,
381,165,3599,,110,ACTIVE,,
382,165,3793,,72.6,ACTIVE,,
383,165,3833,,72.6,ACTIVE,,
384,166,3936,,72.6,ACTIVE,,
385,166,3875,,72.6,ACTIVE,,
386,166,3479,,110,ACTIVE,,
387,167,4025,,46.2,ACTIVE,,
388,167,3961,,72.6,ACTIVE,,
389,167,3695,,110,ACTIVE,,
390,168,3646,,110,ACTIVE,,
391,168,3573,,110,ACTIVE,,
392,169,4016,,46.2,ACTIVE,,
393,169,4071,,46.2,ACTIVE,,
394,169,3553,,110,ACTIVE,,
395,170,3926,,72.6,ACTIVE,,
396,171,3710,,110,ACTIVE,,
397,171,3635,,110,ACTIVE,,
398,172,3651,,110,ACTIVE,,
399,172,3714,,110,ACTIVE,,
400,172,3454,,110,ACTIVE,,
401,173,3461,,110,ACTIVE,,
402,173,3982,,72.6,ACTIVE,,
403,173,4100,,46.2,ACTIVE,,
404,174,3909,,72.6,ACTIVE,,
405,175,3925,,72.6,ACTIVE,,
406,176,3438,,110,ACTIVE,,
407,176,4037,,46.2,ACTIVE,,
408,176,4104,,46.2,ACTIVE,,
409,177,3964,,72.6,ACTIVE,,
410,178,3537,,110,ACTIVE,,
411,178,4094,,46.2,ACTIVE,,
412,178,3511,,110,ACTIVE,,
413,179,3706,,110,ACTIVE,,
414,179,4085,,46.2,ACTIVE,,
415,179,3527,,110,ACTIVE,,
416,179,3701,,110,ACTIVE,,
417,180,3963,,72.6,ACTIVE,,
418,180,3938,,72.6,ACTIVE,,
419,180,3484,,110,ACTIVE,,
420,181,3491,,110,ACTIVE,,
421,182,3519,,110,ACTIVE,,
422,182,3950,,72.6,ACTIVE,,
423,182,3884,,72.6,ACTIVE,,
424,182,3572,,110,ACTIVE,,
425,183,4103,,46.2,ACTIVE,,
426,183,3967,,72.6,ACTIVE,,
427,184,3597,,110,ACTIVE,,
428,184,3800,,72.6,ACTIVE,,
429,184,3561,,110,ACTIVE,,
430,185,4033,,46.2,ACTIVE,,
431,186,4120,,46.2,ACTIVE,,
432,186,3490,,110,ACTIVE,,
433,186,4005,,46.2,ACTIVE,,
434,187,3951,,72.6,ACTIVE,,
435,187,3514,,110,ACTIVE,,
436,188,3765,,110,ACTIVE,,
437,188,3600,,110,ACTIVE,,
438,188,3554,,110,ACTIVE,,
439,189,3445,,110,ACTIVE,,
440,189,3824,,72.6,ACTIVE,,
441,189,3532,,110,ACTIVE,,
442,190,3921,,72.6,ACTIVE,,
443,190,3846,,72.6,ACTIVE,,
444,190,4079,,46.2,ACTIVE,,
445,190,3769,,72.6,ACTIVE,,
446,191,4078,,46.2,ACTIVE,,
447,191,3807,,72.6,ACTIVE,,
448,191,3664,,110,ACTIVE,,
449,192,4146,,46.2,ACTIVE,,
450,192,3607,,110,ACTIVE,,
451,192,4102,,46.2,ACTIVE,,
452,193,3493,,110,ACTIVE,,
453,194,4063,,46.2,ACTIVE,,
454,195,3633,,110,ACTIVE,,
455,195,4126,,46.2,ACTIVE,,
456,195,3805,,72.6,ACTIVE,,
457,195,4004,,46.2,ACTIVE,,
458,196,3997,,46.2,ACTIVE,,
459,197,3719,,110,ACTIVE,,
460,197,3492,,110,ACTIVE,,
461,197,4110,,46.2,ACTIVE,,
462,197,4084,,46.2,ACTIVE,,
463,198,3791,,72.6,ACTIVE,,
464,198,3832,,72.6,ACTIVE,,
465,198,3713,,110,ACTIVE,,
466,198,3908,,72.6,ACTIVE,,
467,199,3856,,72.6,ACTIVE,,
468,199,4083,,46.2,ACTIVE,,
469,199,3567,,110,ACTIVE,,
470,200,3892,,72.6,ACTIVE,,
471,201,3533,,110,ACTIVE,,
472,201,3565,,110,ACTIVE,,
473,201,3976,,72.6,ACTIVE,,
474,202,3571,,110,ACTIVE,,
475,202,3853,,72.6,ACTIVE,,
476,202,3919,,72.6,ACTIVE,,
477,202,3616,,110,ACTIVE,,
478,203,4024,,46.2,ACTIVE,,
479,203,3644,,110,ACTIVE,,
480,204,3731,,110,ACTIVE,,
481,204,3752,,110,ACTIVE,,
482,204,3659,,110,ACTIVE,,
483,205,3941,,72.6,ACTIVE,,
484,206,3869,,72.6,ACTIVE,,
485,206,3652,,110,ACTIVE,,
486,206,4111,,46.2,ACTIVE,,
487,207,4001,,46.2,ACTIVE,,
488,208,3518,,110,ACTIVE,,
489,209,3539,,110,ACTIVE,,
490,209,3628,,110,ACTIVE,,
491,209,3663,,110,ACTIVE,,
492,210,3564,,110,ACTIVE,,
493,210,3847,,72.6,ACTIVE,,
494,210,3536,,110,ACTIVE,,
495,211,3529,,110,ACTIVE,,
496,211,3627,,110,ACTIVE,,
497,211,3522,,110,ACTIVE,,
498,212,3687,,110,ACTIVE,,
499,213,3449,,110,ACTIVE,,
500,213,3862,,72.6,ACTIVE,,
501,213,4096,,46.2,ACTIVE,,
502,214,3746,,110,ACTIVE,,
503,215,3916,,72.6,ACTIVE,,
504,215,3927,,72.6,ACTIVE,,
505,215,4127,,46.2,ACTIVE,,
506,215,4081,,46.2,ACTIVE,,
507,216,4014,,46.2,ACTIVE,,
508,216,3470,,110,ACTIVE,,
509,216,3495,,110,ACTIVE,,
510,217,3745,,110,ACTIVE,,
511,218,3483,,110,ACTIVE,,
512,218,3589,,110,ACTIVE,,
513,218,3453,,110,ACTIVE,,
514,218,3739,,110,ACTIVE,,
515,219,3544,,110,ACTIVE,,
516,219,3551,,110,ACTIVE,,
517,219,4017,,46.2,ACTIVE,,
518,219,3464,,110,ACTIVE,,
519,220,3503,,110,ACTIVE,,
520,220,3894,,72.6,ACTIVE,,
521,221,4128,,46.2,ACTIVE,,
522,222,3790,,72.6,ACTIVE,,
523,222,4143,,46.2,ACTIVE,,
524,222,4060,,46.2,ACTIVE,,
525,222,4072,,46.2,ACTIVE,,
526,223,4034,,46.2,ACTIVE,,
527,224,4069,,46.2,ACTIVE,,
528,224,3630,,110,ACTIVE,,
529,225,3591,,110,ACTIVE,,
530,225,3562,,110,ACTIVE,,
531,226,3994,,46.2,ACTIVE,,
532,226,3932,,72.6,ACTIVE,,
533,226,3654,,110,ACTIVE,,
534,227,3611,,110,ACTIVE,,
535,227,3835,,72.6,ACTIVE,,
536,227,4075,,46.2,ACTIVE,,
537,228,3937,,72.6,ACTIVE,,
538,228,3873,,72.6,ACTIVE,,
539,229,3707,,110,ACTIVE,,
540,229,3981,,72.6,ACTIVE,,
541,229,4067,,46.2,ACTIVE,,
542,230,3485,,110,ACTIVE,,
543,230,4019,,46.2,ACTIVE,,
544,231,3906,,72.6,ACTIVE,,
545,231,3509,,110,ACTIVE,,
546,231,3698,,110,ACTIVE,,
547,231,3693,,110,ACTIVE,,
548,232,3498,,110,ACTIVE,,
549,233,4020,,46.2,ACTIVE,,
550,234,3685,,110,ACTIVE,,
551,234,3859,,72.6,ACTIVE,,
552,235,3702,,110,ACTIVE,,
553,236,4070,,46.2,ACTIVE,,
554,237,3911,,72.6,ACTIVE,,
555,237,4134,,46.2,ACTIVE,,
556,237,3658,,110,ACTIVE,,
557,237,3930,,72.6,ACTIVE,,
558,238,3704,,110,ACTIVE,,
559,238,3594,,110,ACTIVE,,
560,238,3577,,110,ACTIVE,,
561,238,3797,,72.6,ACTIVE,,
562,239,4089,,46.2,ACTIVE,,
563,239,3782,,72.6,ACTIVE,,
564,240,4048,,46.2,ACTIVE,,
565,240,3838,,72.6,ACTIVE,,
566,241,3516,,110,ACTIVE,,
567,241,4011,,46.2,ACTIVE,,
568,242,4059,,46.2,ACTIVE,,
569,242,3854,,72.6,ACTIVE,,
570,242,3638,,110,ACTIVE,,
571,243,4090,,46.2,ACTIVE,,
572,243,3475,,110,ACTIVE,,
573,243,3623,,110,ACTIVE,,
574,244,3543,,110,ACTIVE,,
575,244,3456,,110,ACTIVE,,
576,244,4064,,46.2,ACTIVE,,
577,244,3557,,110,ACTIVE,,
578,245,3893,,72.6,ACTIVE,,
579,245,4119,,46.2,ACTIVE,,
580,246,3837,,72.6,ACTIVE,,
581,246,3987,,72.6,ACTIVE,,
582,246,4050,,46.2,ACTIVE,,
583,246,3985,,72.6,ACTIVE,,
584,247,3852,,72.6,ACTIVE,,
585,247,3935,,72.6,ACTIVE,,
586,247,3666,,110,ACTIVE,,
587,247,3460,,110,ACTIVE,,
588,248,3784,,72.6,ACTIVE,,
589,248,4032,,46.2,ACTIVE,,
590,248,3988,,72.6,ACTIVE,,
591,248,3636,,110,ACTIVE,,
592,249,3568,,110,ACTIVE,,
593,249,3474,,110,ACTIVE,,
594,249,3455,,110,ACTIVE,,
595,249,4091,,46.2,ACTIVE,,
596,250,3802,,72.6,ACTIVE,,
597,251,4031,,46.2,ACTIVE,,
598,251,3581,,110,ACTIVE,,
599,252,3676,,110,ACTIVE,,
600,252,3738,,110,ACTIVE,,
601,252,3570,,110,ACTIVE,,
602,253,4051,,46.2,ACTIVE,,
603,254,3828,,72.6,ACTIVE,,
604,255,3476,,110,ACTIVE,,
605,255,3639,,110,ACTIVE,,
606,255,3763,,110,ACTIVE,,
607,256,3640,,110,ACTIVE,,
608,256,4117,,46.2,ACTIVE,,
609,256,3450,,110,ACTIVE,,
610,256,4022,,46.2,ACTIVE,,
611,257,4043,,46.2,ACTIVE,,
612,257,3558,,110,ACTIVE,,
613,257,3525,,110,ACTIVE,,
614,258,4080,,46.2,ACTIVE,,
615,258,4097,,46.2,ACTIVE,,
616,259,3682,,110,ACTIVE,,
617,259,3820,,72.6,ACTIVE,,
618,259,3434,,110,ACTIVE,,
619,260,3998,,46.2,ACTIVE,,
620,260,3647,,110,ACTIVE,,
621,260,3671,,110,ACTIVE,,
622,261,3863,,72.6,ACTIVE,,
623,261,4042,,46.2,ACTIVE,,
624,261,3766,,110,ACTIVE,,
625,261,3677,,110,ACTIVE,,
626,262,3823,,72.6,ACTIVE,,
627,262,3799,,72.6,ACTIVE,,
628,263,4021,,46.2,ACTIVE,,
629,264,3904,,72.6,ACTIVE,,
630,264,3604,,110,ACTIVE,,
631,265,3691,,110,ACTIVE,,
632,265,3879,,72.6,ACTIVE,,
633,265,3668,,110,ACTIVE,,
634,265,3899,,72.6,ACTIVE,,
635,266,3775,,72.6,ACTIVE,,
636,266,3860,,72.6,ACTIVE,,
637,267,3754,,110,ACTIVE,,
638,267,3954,,72.6,ACTIVE,,
639,267,4006,,46.2,ACTIVE,,
640,267,3696,,110,ACTIVE,,
641,268,3971,,72.6,ACTIVE,,
642,268,3502,,110,ACTIVE,,
643,268,4023,,46.2,ACTIVE,,
644,269,3898,,72.6,ACTIVE,,
645,269,3711,,110,ACTIVE,,
646,269,4003,,46.2,ACTIVE,,
647,269,3783,,72.6,ACTIVE,,
648,270,3774,,72.6,ACTIVE,,
649,270,3526,,110,ACTIVE,,
650,270,3653,,110,ACTIVE,,
651,270,3712,,110,ACTIVE,,
652,271,3806,,72.6,ACTIVE,,
653,271,3660,,110,ACTIVE,,
654,271,3723,,110,ACTIVE,,
655,272,3500,,110,ACTIVE,,
656,272,3683,,110,ACTIVE,,
657,272,3887,,72.6,ACTIVE,,
658,272,3441,,110,ACTIVE,,
659,273,4053,,46.2,ACTIVE,,
660,274,4046,,46.2,ACTIVE,,
661,274,3675,,110,ACTIVE,,
662,274,3817,,72.6,ACTIVE,,
663,275,4108,,46.2,ACTIVE,,
664,275,3534,,110,ACTIVE,,
665,275,3602,,110,ACTIVE,,
666,276,3592,,110,ACTIVE,,
667,277,3868,,72.6,ACTIVE,,
668,277,4066,,46.2,ACTIVE,,
669,277,4145,,46.2,ACTIVE,,
670,277,4092,,46.2,ACTIVE,,
671,278,3867,,72.6,ACTIVE,,
672,278,3843,,72.6,ACTIVE,,
673,279,3489,,110,ACTIVE,,
674,279,3756,,110,ACTIVE,,
675,280,3610,,110,ACTIVE,,
676,281,3690,,110,ACTIVE,,
677,281,3531,,110,ACTIVE,,
678,282,3890,,72.6,ACTIVE,,
679,283,4107,,46.2,ACTIVE,,
680,284,4130,,46.2,ACTIVE,,
681,284,3809,,72.6,ACTIVE,,
682,285,4135,,46.2,ACTIVE,,
683,286,4049,,46.2,ACTIVE,,
684,286,3779,,72.6,ACTIVE,,
685,287,3506,,110,ACTIVE,,
686,287,3439,,110,ACTIVE,,
687,287,3486,,110,ACTIVE,,
688,288,3972,,72.6,ACTIVE,,
689,288,4082,,46.2,ACTIVE,,
690,288,3767,,110,ACTIVE,,
691,288,3957,,72.6,ACTIVE,,
692,289,4144,,46.2,ACTIVE,,
693,289,3801,,72.6,ACTIVE,,
694,290,3870,,72.6,ACTIVE,,
695,290,4058,,46.2,ACTIVE,,
696,290,3880,,72.6,ACTIVE,,
697,291,4142,,46.2,ACTIVE,,
698,291,3910,,72.6,ACTIVE,,
699,291,3755,,110,ACTIVE,,
700,291,4116,,46.2,ACTIVE,,
701,292,3437,,110,ACTIVE,,
702,292,3735,,110,ACTIVE,,
703,293,3840,,72.6,ACTIVE,,
704,294,4113,,46.2,ACTIVE,,
705,295,3891,,72.6,ACTIVE,,
706,295,3579,,110,ACTIVE,,
707,295,3959,,72.6,ACTIVE,,
708,296,3855,,72.6,ACTIVE,,
709,297,3877,,72.6,ACTIVE,,
710,297,3808,,72.6,ACTIVE,,
711,298,3900,,72.6,ACTIVE,,
712,298,3689,,110,ACTIVE,,
713,299,3530,,110,ACTIVE,,
714,300,3803,,72.6,ACTIVE,,
715,301,3669,,110,ACTIVE,,
716,302,3810,,72.6,ACTIVE,,
717,302,3722,,110,ACTIVE,,
718,302,4131,,46.2,ACTIVE,,
719,302,3798,,72.6,ACTIVE,,
720,303,3721,,110,ACTIVE,,
721,303,3794,,72.6,ACTIVE,,
722,304,3473,,110,ACTIVE,,
723,304,3541,,110,ACTIVE,,
724,304,4133,,46.2,ACTIVE,,
725,305,3523,,110,ACTIVE,,
726,305,3882,,72.6,ACTIVE,,
727,306,3583,,110,ACTIVE,,
728,307,4095,,46.2,ACTIVE,,
729,307,3871,,72.6,ACTIVE,,
730,307,4101,,46.2,ACTIVE,,
731,307,4012,,46.2,ACTIVE,,
732,308,3991,,46.2,ACTIVE,,
733,308,4136,,46.2,ACTIVE,,
734,308,3939,,72.6,ACTIVE,,
735,308,3993,,46.2,ACTIVE,,
736,309,3947,,72.6,ACTIVE,,
737,309,3448,,110,ACTIVE,,
738,309,4088,,46.2,ACTIVE,,
739,310,3678,,110,ACTIVE,,
740,310,3555,,110,ACTIVE,,
741,310,3827,,72.6,ACTIVE,,
742,311,3943,,72.6,ACTIVE,,
743,311,3918,,72.6,ACTIVE,,
744,311,4045,,46.2,ACTIVE,,
745,312,3816,,72.6,ACTIVE,,
746,313,3593,,110,ACTIVE,,
747,314,3549,,110,ACTIVE,,
748,315,3462,,110,ACTIVE,,
749,315,3444,,110,ACTIVE,,
750,316,3764,,110,ACTIVE,,
751,316,4041,,46.2,ACTIVE,,
752,316,3585,,110,ACTIVE,,
753,317,3612,,110,ACTIVE,,
754,318,3844,,72.6,ACTIVE,,
755,319,3970,,72.6,ACTIVE,,
756,320,4106,,46.2,ACTIVE,,
757,320,3905,,72.6,ACTIVE,,
758,320,3901,,72.6,ACTIVE,,
759,320,3694,,110,ACTIVE,,
760,321,3468,,110,ACTIVE,,
761,322,3625,,110,ACTIVE,,
762,323,3842,,72.6,ACTIVE,,
763,324,4099,,46.2,ACTIVE,,
764,324,3601,,110,ACTIVE,,
765,325,3499,,110,ACTIVE,,
766,326,3703,,110,ACTIVE,,
767,327,3642,,110,ACTIVE,,
768,327,3505,,110,ACTIVE,,
769,327,3699,,110,ACTIVE,,
770,328,3751,,110,ACTIVE,,
771,328,3595,,110,ACTIVE,,
772,328,4121,,46.2,ACTIVE,,
773,329,4026,,46.2,ACTIVE,,
774,330,4061,,46.2,ACTIVE,,
775,330,3665,,110,ACTIVE,,
776,331,3866,,72.6,ACTIVE,,
777,332,3705,,110,ACTIVE,,
778,332,3435,,110,ACTIVE,,
779,333,3980,,72.6,ACTIVE,,
780,333,3620,,110,ACTIVE,,
781,333,3733,,110,ACTIVE,,
782,334,3447,,110,ACTIVE,,
783,334,3496,,110,ACTIVE,,
784,335,3440,,110,ACTIVE,,
785,335,4123,,46.2,ACTIVE,,
786,335,3590,,110,ACTIVE,,
787,335,3580,,110,ACTIVE,,
788,336,3657,,110,ACTIVE,,
789,336,4000,,46.2,ACTIVE,,
790,337,4132,,46.2,ACTIVE,,
791,337,4115,,46.2,ACTIVE,,
792,337,3715,,110,ACTIVE,,
793,338,4065,,46.2,ACTIVE,,
794,338,3931,,72.6,ACTIVE,,
795,339,3992,,46.2,ACTIVE,,
796,340,3629,,110,ACTIVE,,
797,341,3744,,110,ACTIVE,,
798,341,4002,,46.2,ACTIVE,,
799,341,3883,,72.6,ACTIVE,,
800,341,3700,,110,ACTIVE,,
801,342,3742,,110,ACTIVE,,
802,342,3655,,110,ACTIVE,,
803,342,4073,,46.2,ACTIVE,,
804,343,3618,,110,ACTIVE,,
805,344,3477,,110,ACTIVE,,
806,344,3451,,110,ACTIVE,,
807,345,3874,,72.6,ACTIVE,,
808,345,3624,,110,ACTIVE,,
809,345,3724,,110,ACTIVE,,
810,345,3948,,72.6,ACTIVE,,
811,346,3857,,72.6,ACTIVE,,
812,346,3966,,72.6,ACTIVE,,
813,346,3979,,72.6,ACTIVE,,
814,346,3494,,110,ACTIVE,,
815,347,3465,,110,ACTIVE,,
816,347,4047,,46.2,ACTIVE,,
817,348,3940,,72.6,ACTIVE,,
818,348,3480,,110,ACTIVE,,
819,349,3876,,72.6,ACTIVE,,
820,349,3545,,110,ACTIVE,,
821,350,3692,,110,ACTIVE,,
822,350,3563,,110,ACTIVE,,
823,351,3825,,72.6,ACTIVE,,
824,351,3614,,110,ACTIVE,,
825,351,3586,,110,ACTIVE,,
826,352,3732,,110,ACTIVE,,
827,352,4027,,46.2,ACTIVE,,
828,353,3729,,110,ACTIVE,,
829,353,4036,,46.2,ACTIVE,,
830,354,3912,,72.6,ACTIVE,,
831,354,3737,,110,ACTIVE,,
832,354,3648,,110,ACTIVE,,
833,354,3776,,72.6,ACTIVE,,
834,355,3641,,110,ACTIVE,,
835,355,4124,,46.2,ACTIVE,,
836,355,4029,,46.2,ACTIVE,,
837,355,3758,,110,ACTIVE,,
838,356,3556,,110,ACTIVE,,
839,356,3643,,110,ACTIVE,,
840,357,3796,,72.6,ACTIVE,,
841,357,3934,,72.6,ACTIVE,,
842,358,3952,,72.6,ACTIVE,,
843,358,3697,,110,ACTIVE,,
844,359,7299,,39.6,ACTIVE,,
845,359,,22,60,ACTIVE,,
846,359,,22,60,ACTIVE,,
847,360,,22,60,ACTIVE,,
848,361,,22,60,ACTIVE,,
849,361,,22,60,ACTIVE,,
850,361,7251,,39.6,ACTIVE,,
851,361,,22,60,ACTIVE,,
852,362,7232,,39.6,ACTIVE,,
853,362,,22,60,ACTIVE,,
854,362,,22,60,ACTIVE,,
855,362,,22,60,ACTIVE,,
856,363,,22,60,ACTIVE,,
857,363,7266,,39.6,ACTIVE,,
858,363,,22,60,ACTIVE,,
859,364,,22,60,ACTIVE,,
860,364,,22,60,ACTIVE,,
861,364,7210,,39.6,ACTIVE,,
862,365,7304,,39.6,ACTIVE,,
863,365,,22,60,ACTIVE,,
864,365,,22,60,ACTIVE,,
865,365,,22,60,ACTIVE,,
866,366,7227,,39.6,ACTIVE,,
867,367,,22,60,ACTIVE,,
868,367,,22,60,ACTIVE,,
869,367,,22,60,ACTIVE,,
870,368,7287,,39.6,ACTIVE,,
871,368,,22,60,ACTIVE,,
872,368,,22,60,ACTIVE,,
873,368,,22,60,ACTIVE,,
874,369,,22,60,ACTIVE,,
875,370,,22,60,ACTIVE,,
876,370,,22,60,ACTIVE,,
877,370,,22,60,ACTIVE,,
878,370,,22,60,ACTIVE,,
879,371,,22,60,ACTIVE,,
880,371,,22,60,ACTIVE,,
881,371,7300,,39.6,ACTIVE,,
882,372,,22,60,ACTIVE,,
883,372,,22,60,ACTIVE,,
884,372,,22,60,ACTIVE,,
885,372,,22,60,ACTIVE,,
886,373,,22,60,ACTIVE,,
887,374,,22,60,ACTIVE,,
888,374,,22,60,ACTIVE,,
889,374,,22,60,ACTIVE,,
890,374,,22,60,ACTIVE,,
891,375,7228,,39.6,ACTIVE,,
892,375,,22,60,ACTIVE,,
893,375,7238,,39.6,ACTIVE,,
894,375,,22,60,ACTIVE,,
895,376,,22,60,ACTIVE,,
896,376,,22,60,ACTIVE,,
897,377,,22,60,ACTIVE,,
898,378,,22,60,ACTIVE,,
899,379,,22,60,ACTIVE,,
900,380,,22,60,ACTIVE,,
901,380,,22,60,ACTIVE,,
902,381,,22,60,ACTIVE,,
903,381,,22,60,ACTIVE,,
904,381,,22,60,ACTIVE,,
905,381,,22,60,ACTIVE,,
906,382,,22,60,ACTIVE,,
907,382,,22,60,ACTIVE,,
908,382,,22,60,ACTIVE,,
909,383,7305,,39.6,ACTIVE,,
910,383,,22,60,ACTIVE,,
911,384,,22,60,ACTIVE,,
912,384,,22,60,ACTIVE,,
913,385,,22,60,ACTIVE,,
914,385,7281,,39.6,ACTIVE,,
915,385,,22,60,ACTIVE,,
916,385,,22,60,ACTIVE,,
917,386,7235,,39.6,ACTIVE,,
918,386,,22,60,ACTIVE,,
919,386,,22,60,ACTIVE,,
920,386,7311,,39.6,ACTIVE,,
921,387,7315,,39.6,ACTIVE,,
922,387,,22,60,ACTIVE,,
923,387,,22,60,ACTIVE,,
924,388,,22,60,ACTIVE,,
925,388,,22,60,ACTIVE,,
926,388,,22,60,ACTIVE,,
927,388,7283,,39.6,ACTIVE,,
928,389,,22,60,ACTIVE,,
929,389,,22,60,ACTIVE,,
930,389,,22,60,ACTIVE,,
931,389,7246,,39.6,ACTIVE,,
932,390,,22,60,ACTIVE,,
933,390,,22,60,ACTIVE,,
934,391,,22,60,ACTIVE,,
935,391,,22,60,ACTIVE,,
936,391,,22,60,ACTIVE,,
937,392,,22,60,ACTIVE,,
938,392,,22,60,ACTIVE,,
939,393,7277,,39.6,ACTIVE,,
940,394,,22,60,ACTIVE,,
941,395,,22,60,ACTIVE,,
942,395,,22,60,ACTIVE,,
943,396,,22,60,ACTIVE,,
944,396,,22,60,ACTIVE,,
945,396,7237,,39.6,ACTIVE,,
946,396,7295,,39.6,ACTIVE,,
947,397,,22,60,ACTIVE,,
948,398,7296,,39.6,ACTIVE,,
949,398,,22,60,ACTIVE,,
950,398,,22,60,ACTIVE,,
951,398,,22,60,ACTIVE,,
952,399,7314,,39.6,ACTIVE,,
953,399,,22,60,ACTIVE,,
954,399,,22,60,ACTIVE,,
955,399,7225,,39.6,ACTIVE,,
956,400,,22,60,ACTIVE,,
957,400,,22,60,ACTIVE,,
958,400,7262,,39.6,ACTIVE,,
959,401,,22,60,ACTIVE,,
960,402,,22,60,ACTIVE,,
961,402,,22,60,ACTIVE,,
962,402,,22,60,ACTIVE,,
963,403,,22,60,ACTIVE,,
964,404,7269,,39.6,ACTIVE,,
965,405,7256,,39.6,ACTIVE,,
966,406,,22,60,ACTIVE,,
967,406,,22,60,ACTIVE,,
968,406,7243,,39.6,ACTIVE,,
969,407,,22,60,ACTIVE,,
970,408,,22,60,ACTIVE,,
971,408,,22,60,ACTIVE,,
972,408,7306,,39.6,ACTIVE,,
973,409,,22,60,ACTIVE,,
974,410,,22,60,ACTIVE,,
975,410,,22,60,ACTIVE,,
976,411,,22,60,ACTIVE,,
977,411,,22,60,ACTIVE,,
978,412,,22,60,ACTIVE,,
979,412,,22,60,ACTIVE,,
980,412,7267,,39.6,ACTIVE,,
981,413,,22,60,ACTIVE,,
982,413,,22,60,ACTIVE,,
983,413,,22,60,ACTIVE,,
984,414,,22,60,ACTIVE,,
985,414,,22,60,ACTIVE,,
986,415,,22,60,ACTIVE,,
987,415,,22,60,ACTIVE,,
988,415,,22,60,ACTIVE,,
989,416,,22,60,ACTIVE,,
990,416,7297,,39.6,ACTIVE,,
991,416,,22,60,ACTIVE,,
992,416,,22,60,ACTIVE,,
993,417,,22,60,ACTIVE,,
994,418,,22,60,ACTIVE,,
995,419,,22,60,ACTIVE,,
996,419,,22,60,ACTIVE,,
997,419,,22,60,ACTIVE,,
998,419,,22,60,ACTIVE,,
999,420,,22,60,ACTIVE,,
1000,420,,22,60,ACTIVE,,
1001,421,,22,60,ACTIVE,,
1002,421,,22,60,ACTIVE,,
1003,422,,22,60,ACTIVE,,
1004,423,7286,,39.6,ACTIVE,,
1005,423,,22,60,ACTIVE,,
1006,423,,22,60,ACTIVE,,
1007,423,,22,60,ACTIVE,,
1008,424,,22,60,ACTIVE,,
1009,424,7254,,39.6,ACTIVE,,
1010,424,,22,60,ACTIVE,,
1011,425,,22,60,ACTIVE,,
1012,425,7240,,39.6,ACTIVE,,
1013,426,7303,,39.6,ACTIVE,,
1014,426,,22,60,ACTIVE,,
1015,427,,22,60,ACTIVE,,
1016,427,,22,60,ACTIVE,,
1017,427,,22,60,ACTIVE,,
1018,428,,22,60,ACTIVE,,
1019,429,,22,60,ACTIVE,,
1020,429,,22,60,ACTIVE,,
1021,429,,22,60,ACTIVE,,
1022,430,,22,60,ACTIVE,,
1023,430,,22,60,ACTIVE,,
1024,430,7230,,39.6,ACTIVE,,
1025,430,,22,60,ACTIVE,,
1026,431,,22,60,ACTIVE,,
1027,431,7220,,39.6,ACTIVE,,
1028,432,,22,60,ACTIVE,,
1029,433,,22,60,ACTIVE,,
1030,433,,22,60,ACTIVE,,
1031,433,,22,60,ACTIVE,,
1032,433,7248,,39.6,ACTIVE,,
1033,434,,22,60,ACTIVE,,
1034,434,7309,,39.6,ACTIVE,,
1035,434,,22,60,ACTIVE,,
1036,434,7212,,39.6,ACTIVE,,
1037,435,7288,,39.6,ACTIVE,,
1038,435,,22,60,ACTIVE,,
1039,435,,22,60,ACTIVE,,
1040,435,,22,60,ACTIVE,,
1041,436,,22,60,ACTIVE,,
1042,436,,22,60,ACTIVE,,
1043,436,,22,60,ACTIVE,,
1044,437,,22,60,ACTIVE,,
1045,437,,22,60,ACTIVE,,
1046,437,7234,,39.6,ACTIVE,,
1047,438,,22,60,ACTIVE,,
1048,439,,22,60,ACTIVE,,
1049,439,,22,60,ACTIVE,,
1050,439,,22,60,ACTIVE,,
1051,440,,22,60,ACTIVE,,
1052,440,,22,60,ACTIVE,,
1053,441,,22,60,ACTIVE,,
1054,441,,22,60,ACTIVE,,
1055,441,,22,60,ACTIVE,,
1056,441,7302,,39.6,ACTIVE,,
1057,442,,22,60,ACTIVE,,
1058,443,7219,,39.6,ACTIVE,,
1059,443,,22,60,ACTIVE,,
1060,443,,22,60,ACTIVE,,
1061,443,,22,60,ACTIVE,,
1062,444,,22,60,ACTIVE,,
1063,445,,22,60,ACTIVE,,
1064,445,,22,60,ACTIVE,,
1065,445,,22,60,ACTIVE,,
1066,446,,22,60,ACTIVE,,
1067,446,,22,60,ACTIVE,,
1068,447,,22,60,ACTIVE,,
1069,447,,22,60,ACTIVE,,
1070,447,,22,60,ACTIVE,,
1071,448,,22,60,ACTIVE,,
1072,449,7285,,39.6,ACTIVE,,
1073,449,,22,60,ACTIVE,,
1074,449,,22,60,ACTIVE,,
1075,449,,22,60,ACTIVE,,
1076,450,7301,,39.6,ACTIVE,,
1077,451,,22,60,ACTIVE,,
1078,451,7272,,39.6,ACTIVE,,
1079,452,,22,60,ACTIVE,,
1080,452,,22,60,ACTIVE,,
1081,452,,22,60,ACTIVE,,
1082,453,,22,60,ACTIVE,,
1083,453,,22,60,ACTIVE,,
1084,453,,22,60,ACTIVE,,
1085,453,,22,60,ACTIVE,,
1086,454,,22,60,ACTIVE,,
1087,454,,22,60,ACTIVE,,
1088,454,,22,60,ACTIVE,,
1089,454,,22,60,ACTIVE,,
1090,455,,22,60,ACTIVE,,
1091,455,,22,60,ACTIVE,,
1092,455,,22,60,ACTIVE,,
1093,455,,22,60,ACTIVE,,
1094,456,,22,60,ACTIVE,,
1095,456,,22,60,ACTIVE,,
1096,457,,22,60,ACTIVE,,
1097,457,7221,,39.6,ACTIVE,,
1098,457,,22,60,ACTIVE,,
1099,458,,22,60,ACTIVE,,
1100,458,7294,,39.6,ACTIVE,,
1101,458,,22,60,ACTIVE,,
1102,458,,22,60,ACTIVE,,
1103,459,,22,60,ACTIVE,,
1104,459,,22,60,ACTIVE,,
1105,459,,22,60,ACTIVE,,
1106,459,,22,60,ACTIVE,,
1107,460,,22,60,ACTIVE,,
1108,460,,22,60,ACTIVE,,
1109,461,7264,,39.6,ACTIVE,,
1110,462,,22,60,ACTIVE,,
1111,462,,22,60,ACTIVE,,
1112,462,,22,60,ACTIVE,,
1113,463,7218,,39.6,ACTIVE,,
1114,463,,22,60,ACTIVE,,
1115,464,,22,60,ACTIVE,,
1116,464,,22,60,ACTIVE,,
1117,465,,22,60,ACTIVE,,
1118,465,,22,60,ACTIVE,,
1119,466,,22,60,ACTIVE,,
1120,466,,22,60,ACTIVE,,
1121,466,,22,60,ACTIVE,,
1122,466,,22,60,ACTIVE,,
1123,467,,22,60,ACTIVE,,
1124,467,,22,60,ACTIVE,,
1125,468,,22,60,ACTIVE,,
1126,468,,22,60,ACTIVE,,
1127,468,7217,,39.6,ACTIVE,,
1128,469,,22,60,ACTIVE,,
1129,470,7223,,39.6,ACTIVE,,
1130,471,,22,60,ACTIVE,,
1131,472,,22,60,ACTIVE,,
1132,472,,22,60,ACTIVE,,
1133,472,7215,,39.6,ACTIVE,,
1134,473,,22,60,ACTIVE,,
1135,473,,22,60,ACTIVE,,
1136,474,,22,60,ACTIVE,,
1137,474,7239,,39.6,ACTIVE,,
1138,474,,22,60,ACTIVE,,
1139,474,,22,60,ACTIVE,,
1140,475,,22,60,ACTIVE,,
1141,476,,22,60,ACTIVE,,
1142,476,,22,60,ACTIVE,,
1143,476,,22,60,ACTIVE,,
1144,477,,22,60,ACTIVE,,
1145,477,,22,60,ACTIVE,,
1146,478,,22,60,ACTIVE,,
1147,478,,22,60,ACTIVE,,
1148,479,,22,60,ACTIVE,,
1149,480,,22,60,ACTIVE,,
1150,480,,22,60,ACTIVE,,
1151,480,,22,60,ACTIVE,,
1152,480,,22,60,ACTIVE,,
1153,481,,22,60,ACTIVE,,
1154,481,,22,60,ACTIVE,,
1155,481,,22,60,ACTIVE,,
1156,482,7247,,39.6,ACTIVE,,
1157,483,,22,60,ACTIVE,,
1158,483,7313,,39.6,ACTIVE,,
1159,483,,22,60,ACTIVE,,
1160,484,,22,60,ACTIVE,,
1161,484,,22,60,ACTIVE,,
1162,484,7241,,39.6,ACTIVE,,
1163,485,,22,60,ACTIVE,,
1164,485,,22,60,ACTIVE,,
1165,486,7255,,39.6,ACTIVE,,
1166,486,,22,60,ACTIVE,,
1167,486,,22,60,ACTIVE,,
1168,487,,22,60,ACTIVE,,
1169,488,,22,60,ACTIVE,,
1170,488,,22,60,ACTIVE,,
1171,489,7280,,39.6,ACTIVE,,
1172,489,,22,60,ACTIVE,,
1173,489,7253,,39.6,ACTIVE,,
1174,489,,22,60,ACTIVE,,
1175,490,,22,60,ACTIVE,,
1176,490,,22,60,ACTIVE,,
1177,491,,22,60,ACTIVE,,
1178,491,7244,,39.6,ACTIVE,,
1179,492,,22,60,ACTIVE,,
1180,492,,22,60,ACTIVE,,
1181,492,,22,60,ACTIVE,,
1182,493,,22,60,ACTIVE,,
1183,493,,22,60,ACTIVE,,
1184,493,,22,60,ACTIVE,,
1185,494,7226,,39.6,ACTIVE,,
1186,494,,22,60,ACTIVE,,
1187,494,,22,60,ACTIVE,,
1188,494,,22,60,ACTIVE,,
1189,495,,22,60,ACTIVE,,
1190,495,,22,60,ACTIVE,,
1191,496,,22,60,ACTIVE,,
1192,496,,22,60,ACTIVE,,
1193,497,7258,,39.6,ACTIVE,,
1194,497,,22,60,ACTIVE,,
1195,497,,22,60,ACTIVE,,
1196,497,,22,60,ACTIVE,,
1197,498,,22,60,ACTIVE,,
1198,498,7278,,39.6,ACTIVE,,
1199,498,7259,,39.6,ACTIVE,,
1200,499,,22,60,ACTIVE,,
1201,499,,22,60,ACTIVE,,
1202,499,7276,,39.6,ACTIVE,,
1203,499,7261,,39.6,ACTIVE,,
1204,500,,22,60,ACTIVE,,
1205,500,7275,,39.6,ACTIVE,,
1206,501,,22,60,ACTIVE,,
1207,501,,22,60,ACTIVE,,
1208,501,,22,60,ACTIVE,,
1209,502,7308,,39.6,ACTIVE,,
1210,502,7290,,39.6,ACTIVE,,
1211,502,7213,,39.6,ACTIVE,,
1212,502,,22,60,ACTIVE,,
1213,503,,22,60,ACTIVE,,
1214,503,,22,60,ACTIVE,,
1215,503,,22,60,ACTIVE,,
1216,504,,22,60,ACTIVE,,
1217,504,7271,,39.6,ACTIVE,,
1218,504,,22,60,ACTIVE,,
1219,505,,22,60,ACTIVE,,
1220,505,,22,60,ACTIVE,,
1221,505,,22,60,ACTIVE,,
1222,505,7289,,39.6,ACTIVE,,
1223,506,7233,,39.6,ACTIVE,,
1224,506,,22,60,ACTIVE,,
1225,507,7231,,39.6,ACTIVE,,
1226,508,7293,,39.6,ACTIVE,,
1227,508,7279,,39.6,ACTIVE,,
1228,508,,22,60,ACTIVE,,
1229,508,,22,60,ACTIVE,,
1230,509,,22,60,ACTIVE,,
1231,509,,22,60,ACTIVE,,
1232,509,,22,60,ACTIVE,,
1233,509,,22,60,ACTIVE,,
1234,510,,22,60,ACTIVE,,
1235,510,,22,60,ACTIVE,,
1236,511,,22,60,ACTIVE,,
1237,512,,22,60,ACTIVE,,
1238,512,,22,60,ACTIVE,,
1239,512,,22,60,ACTIVE,,
1240,512,7236,,39.6,ACTIVE,,
1241,513,,22,60,ACTIVE,,
1242,514,,22,60,ACTIVE,,
1243,515,,22,60,ACTIVE,,
1244,515,7245,,39.6,ACTIVE,,
1245,515,7291,,39.6,ACTIVE,,
1246,515,,22,60,ACTIVE,,
1247,516,,22,60,ACTIVE,,
1248,516,,22,60,ACTIVE,,
1249,516,,22,60,ACTIVE,,
1250,516,,22,60,ACTIVE,,
1251,517,,22,60,ACTIVE,,
1252,517,7273,,39.6,ACTIVE,,
1253,517,,22,60,ACTIVE,,
1254,517,,22,60,ACTIVE,,
1255,518,,22,60,ACTIVE,,
1256,518,,22,60,ACTIVE,,
1257,518,,22,60,ACTIVE,,
1258,518,7298,,39.6,ACTIVE,,
1259,519,7252,,39.6,ACTIVE,,
1260,520,,22,60,ACTIVE,,
1261,520,7284,,39.6,ACTIVE,,
1262,520,,22,60,ACTIVE,,
1263,521,,22,60,ACTIVE,,
1264,521,,22,60,ACTIVE,,
1265,521,,22,60,ACTIVE,,
1266,521,,22,60,ACTIVE,,
1267,522,,22,60,ACTIVE,,
1268,523,,22,60,ACTIVE,,
1269,523,7310,,39.6,ACTIVE,,
1270,523,,22,60,ACTIVE,,
1271,524,,22,60,ACTIVE,,
1272,524,,22,60,ACTIVE,,
1273,524,7312,,39.6,ACTIVE,,
1274,524,7316,,39.6,ACTIVE,,
1275,525,,22,60,ACTIVE,,
1276,526,,22,60,ACTIVE,,
1277,526,,22,60,ACTIVE,,
1278,526,,22,60,ACTIVE,,
1279,526,,22,60,ACTIVE,,
1280,527,,22,60,ACTIVE,,
1281,527,,22,60,ACTIVE,,
1282,528,,22,60,ACTIVE,,
1283,528,7282,,39.6,ACTIVE,,
1284,529,,22,60,ACTIVE,,
1285,530,,22,60,ACTIVE,,
1286,531,,22,60,ACTIVE,,
1287,531,7211,,39.6,ACTIVE,,
1288,531,,22,60,ACTIVE,,
1289,531,7260,,39.6,ACTIVE,,
1290,532,,22,60,ACTIVE,,
1291,532,7249,,39.6,ACTIVE,,
1292,532,,22,60,ACTIVE,,
1293,533,7268,,39.6,ACTIVE,,
1294,534,,22,60,ACTIVE,,
1295,534,,22,60,ACTIVE,,
1296,535,7265,,39.6,ACTIVE,,
1297,535,,22,60,ACTIVE,,
1298,535,,22,60,ACTIVE,,
1299,536,,22,60,ACTIVE,,
1300,536,7274,,39.6,ACTIVE,,
1301,536,,22,60,ACTIVE,,
1302,537,,22,60,ACTIVE,,
1303,538,,22,60,ACTIVE,,
1304,538,7257,,39.6,ACTIVE,,
1305,538,,22,60,ACTIVE,,
1306,538,,22,60,ACTIVE,,
1307,539,7250,,39.6,ACTIVE,,
1308,539,,22,60,ACTIVE,,
1309,539,,22,60,ACTIVE,,
1310,539,,22,60,ACTIVE,,
1311,540,,22,60,ACTIVE,,
1312,540,,22,60,ACTIVE,,
1313,540,7224,,39.6,ACTIVE,,
1314,541,,22,60,ACTIVE,,
1315,541,,22,60,ACTIVE,,
1316,541,,22,60,ACTIVE,,
1317,541,,22,60,ACTIVE,,
1318,542,7270,,39.6,ACTIVE,,
1319,542,,22,60,ACTIVE,,
1320,542,,22,60,ACTIVE,,
1321,542,7216,,39.6,ACTIVE,,
1322,543,,22,60,ACTIVE,,
1323,543,,22,60,ACTIVE,,
1324,544,,22,60,ACTIVE,,
1325,544,7292,,39.6,ACTIVE,,
1326,544,7307,,39.6,ACTIVE,,
1327,544,,22,60,ACTIVE,,
1328,545,,22,60,ACTIVE,,
1329,545,,22,60,ACTIVE,,
1330,545,,22,60,ACTIVE,,
1331,546,,22,60,ACTIVE,,
1332,546,,22,60,ACTIVE,,
1333,546,,22,60,ACTIVE,,
1334,547,,22,60,ACTIVE,,
1335,547,7209,,39.6,ACTIVE,,
1336,547,,22,60,ACTIVE,,
1337,547,7242,,39.6,ACTIVE,,
1338,548,,22,60,ACTIVE,,
1339,548,7222,,39.6,ACTIVE,,
1340,548,7263,,39.6,ACTIVE,,
1341,548,,22,60,ACTIVE,,
1342,549,,22,60,ACTIVE,,
1343,549,,22,60,ACTIVE,,
1344,550,7214,,39.6,ACTIVE,,
1345,550,,22,60,ACTIVE,,
1346,551,,22,60,ACTIVE,,
1347,551,,22,60,ACTIVE,,
1348,551,,22,60,ACTIVE,,
1349,551,,22,60,ACTIVE,,
1350,552,7229,,39.6,ACTIVE,,
1351,552,,22,60,ACTIVE,,
1352,553,3498,,110,ACTIVE,,
1353,554,3561,,110,ACTIVE,,
1354,554,3757,,110,ACTIVE,,
1355,555,3787,,72.6,ACTIVE,,
1356,555,3816,,72.6,ACTIVE,,
1357,555,3790,,72.6,ACTIVE,,
1358,555,3763,,110,ACTIVE,,
1359,556,3476,,110,ACTIVE,,
1360,557,3463,,110,ACTIVE,,
1361,557,3902,,72.6,ACTIVE,,
1362,557,3442,,110,ACTIVE,,
1363,558,3699,,110,ACTIVE,,
1364,559,3951,,72.6,ACTIVE,,
1365,559,3883,,72.6,ACTIVE,,
1366,559,3792,,72.6,ACTIVE,,
1367,560,4111,,46.2,ACTIVE,,
1368,560,3675,,110,ACTIVE,,
1369,560,3958,,72.6,ACTIVE,,
1370,561,4088,,46.2,ACTIVE,,
1371,562,3505,,110,ACTIVE,,
1372,562,4103,,46.2,ACTIVE,,
1373,562,3703,,110,ACTIVE,,
1374,563,3753,,110,ACTIVE,,
1375,563,4039,,46.2,ACTIVE,,
1376,564,3754,,110,ACTIVE,,
1377,564,3813,,72.6,ACTIVE,,
1378,564,3529,,110,ACTIVE,,
1379,564,3661,,110,ACTIVE,,
1380,565,4084,,46.2,ACTIVE,,
1381,565,4145,,46.2,ACTIVE,,
1382,565,3950,,72.6,ACTIVE,,
1383,565,3599,,110,ACTIVE,,
1384,566,3574,,110,ACTIVE,,
1385,566,4003,,46.2,ACTIVE,,
1386,567,4142,,46.2,ACTIVE,,
1387,567,3772,,72.6,ACTIVE,,
1388,568,3496,,110,ACTIVE,,
1389,568,3970,,72.6,ACTIVE,,
1390,569,3652,,110,ACTIVE,,
1391,569,3588,,110,ACTIVE,,
1392,569,3911,,72.6,ACTIVE,,
1393,569,3926,,72.6,ACTIVE,,
1394,570,3531,,110,ACTIVE,,
1395,570,3960,,72.6,ACTIVE,,
1396,570,3587,,110,ACTIVE,,
1397,571,4107,,46.2,ACTIVE,,
1398,571,3620,,110,ACTIVE,,
1399,572,3535,,110,ACTIVE,,
1400,572,3577,,110,ACTIVE,,
1401,572,3747,,110,ACTIVE,,
1402,572,3562,,110,ACTIVE,,
1403,573,3853,,72.6,ACTIVE,,
1404,574,3455,,110,ACTIVE,,
1405,574,3615,,110,ACTIVE,,
1406,574,3988,,72.6,ACTIVE,,
1407,575,3736,,110,ACTIVE,,
1408,575,3565,,110,ACTIVE,,
1409,576,3651,,110,ACTIVE,,
1410,576,3502,,110,ACTIVE,,
1411,576,3534,,110,ACTIVE,,
1412,577,3764,,110,ACTIVE,,
1413,578,3536,,110,ACTIVE,,
1414,578,3746,,110,ACTIVE,,
1415,578,4002,,46.2,ACTIVE,,
1416,578,4094,,46.2,ACTIVE,,
1417,579,3977,,72.6,ACTIVE,,
1418,579,3523,,110,ACTIVE,,
1419,579,3735,,110,ACTIVE,,
1420,579,4031,,46.2,ACTIVE,,
1421,580,3674,,110,ACTIVE,,
1422,580,3770,,72.6,ACTIVE,,
1423,580,4108,,46.2,ACTIVE,,
1424,581,3804,,72.6,ACTIVE,,
1425,581,3788,,72.6,ACTIVE,,
1426,581,3867,,72.6,ACTIVE,,
1427,581,3637,,110,ACTIVE,,
1428,582,3450,,110,ACTIVE,,
1429,582,3582,,110,ACTIVE,,
1430,582,3533,,110,ACTIVE,,
1431,583,3520,,110,ACTIVE,,
1432,583,3939,,72.6,ACTIVE,,
1433,583,3981,,72.6,ACTIVE,,
1434,584,3592,,110,ACTIVE,,
1435,584,3982,,72.6,ACTIVE,,
1436,585,3914,,72.6,ACTIVE,,
1437,585,3984,,72.6,ACTIVE,,
1438,585,4082,,46.2,ACTIVE,,
1439,585,3443,,110,ACTIVE,,
1440,586,3851,,72.6,ACTIVE,,
1441,586,3728,,110,ACTIVE,,
1442,586,3965,,72.6,ACTIVE,,
1443,586,3891,,72.6,ACTIVE,,
1444,587,4146,,46.2,ACTIVE,,
1445,587,3542,,110,ACTIVE,,
1446,587,3544,,110,ACTIVE,,
1447,588,3683,,110,ACTIVE,,
1448,588,4034,,46.2,ACTIVE,,
1449,589,4030,,46.2,ACTIVE,,
1450,589,3848,,72.6,ACTIVE,,
1451,589,3629,,110,ACTIVE,,
1452,590,3632,,110,ACTIVE,,
1453,590,4055,,46.2,ACTIVE,,
1454,590,3660,,110,ACTIVE,,
1455,590,3487,,110,ACTIVE,,
1456,591,4116,,46.2,ACTIVE,,
1457,592,3817,,72.6,ACTIVE,,
1458,593,3864,,72.6,ACTIVE,,
1459,594,,22,75,ACTIVE,,
1460,594,,22,75,ACTIVE,,
1461,594,,22,75,ACTIVE,,
1462,594,,22,75,ACTIVE,,
1463,595,,22,75,ACTIVE,,
1464,595,,22,75,ACTIVE,,
1465,595,,22,75,ACTIVE,,
1466,595,,22,75,ACTIVE,,
1467,596,,22,75,ACTIVE,,
1468,596,,22,75,ACTIVE,,
1469,596,,22,75,ACTIVE,,
1470,597,,22,75,ACTIVE,,
1471,598,7222,,49.5,ACTIVE,,
1472,599,,22,75,ACTIVE,,
1473,599,7276,,49.5,ACTIVE,,
1474,600,7215,,49.5,ACTIVE,,
1475,600,7221,,49.5,ACTIVE,,
1476,600,,22,75,ACTIVE,,
1477,600,,22,75,ACTIVE,,
1478,601,,22,75,ACTIVE,,
1479,602,,22,75,ACTIVE,,
1480,602,,22,75,ACTIVE,,
1481,603,,22,75,ACTIVE,,
1482,603,7227,,49.5,ACTIVE,,
1483,603,,22,75,ACTIVE,,
1484,603,7273,,49.5,ACTIVE,,
1485,604,7302,,49.5,ACTIVE,,
1486,604,,22,75,ACTIVE,,
1487,604,,22,75,ACTIVE,,
1488,605,7291,,49.5,ACTIVE,,
1489,605,,22,75,ACTIVE,,
1490,605,,22,75,ACTIVE,,
1491,605,,22,75,ACTIVE,,
1492,606,,22,75,ACTIVE,,
1493,606,,22,75,ACTIVE,,
1494,607,,22,75,ACTIVE,,
1495,607,,22,75,ACTIVE,,
1496,608,7280,,49.5,ACTIVE,,
1497,608,,22,75,ACTIVE,,
1498,609,,22,75,ACTIVE,,
1499,609,,22,75,ACTIVE,,
1500,609,,22,75,ACTIVE,,
1501,609,7270,,49.5,ACTIVE,,
1502,610,,22,75,ACTIVE,,
1503,611,,22,75,ACTIVE,,
1504,612,,22,75,ACTIVE,,
1505,613,7295,,49.5,ACTIVE,,
1506,613,,22,75,ACTIVE,,
1507,613,,22,75,ACTIVE,,
1508,613,7288,,49.5,ACTIVE,,
1509,614,,22,75,ACTIVE,,
1510,614,,22,75,ACTIVE,,
1511,614,,22,75,ACTIVE,,
1512,615,,22,75,ACTIVE,,
1513,616,,22,75,ACTIVE,,
1514,616,,22,75,ACTIVE,,
1515,617,,22,75,ACTIVE,,
1516,618,7226,,49.5,ACTIVE,,
1517,618,,22,75,ACTIVE,,
1518,619,,22,75,ACTIVE,,
1519,620,,22,75,ACTIVE,,
1520,620,,22,75,ACTIVE,,
1521,620,,22,75,ACTIVE,,
1522,621,,22,75,ACTIVE,,
1523,621,,22,75,ACTIVE,,
1524,621,,22,75,ACTIVE,,
1525,621,,22,75,ACTIVE,,
1526,622,,22,75,ACTIVE,,
1527,622,7229,,49.5,ACTIVE,,
1528,622,,22,75,ACTIVE,,
1529,623,,22,75,ACTIVE,,
1530,623,,22,75,ACTIVE,,
1531,624,,22,75,ACTIVE,,
1532,624,7252,,49.5,ACTIVE,,
1533,624,7285,,49.5,ACTIVE,,
1534,624,,22,75,ACTIVE,,
1535,625,,27,63.0,ACTIVE,,
1536,626,,27,63.0,ACTIVE,,
1537,626,,27,63.0,ACTIVE,,
1538,626,7525,,150,ACTIVE,,
1539,626,7523,,150,ACTIVE,,
1540,627,8001,,99.0,ACTIVE,,
1541,627,8214,,99.0,ACTIVE,,
1542,628,8196,,99.0,ACTIVE,,
1543,628,8084,,99.0,ACTIVE,,
1544,628,7849,,150,ACTIVE,,
1545,629,8019,,99.0,ACTIVE,,
1546,629,7907,,150,ACTIVE,,
1547,630,8448,,99.0,ACTIVE,,
1548,630,8207,,99.0,ACTIVE,,
1549,630,8187,,99.0,ACTIVE,,
1550,630,,27,63.0,ACTIVE,,
1551,631,8037,,99.0,ACTIVE,,
1552,631,7467,,150,ACTIVE,,
1553,631,7733,,150,ACTIVE,,
1554,631,8452,,99.0,ACTIVE,,
1555,632,8393,,99.0,ACTIVE,,
1556,632,8328,,99.0,ACTIVE,,
1557,633,,27,63.0,ACTIVE,,
1558,633,,27,63.0,ACTIVE,,
1559,633,7742,,150,ACTIVE,,
1560,634,7793,,150,ACTIVE,,
1561,634,,27,63.0,ACTIVE,,
1562,635,7670,,150,ACTIVE,,
1563,636,,27,63.0,ACTIVE,,
1564,636,7618,,150,ACTIVE,,
1565,637,7376,,150,ACTIVE,,
1566,637,8378,,99.0,ACTIVE,,
1567,637,,27,63.0,ACTIVE,,
1568,637,8154,,99.0,ACTIVE,,
1569,638,,27,63.0,ACTIVE,,
1570,638,8382,,99.0,ACTIVE,,
1571,639,7905,,150,ACTIVE,,
1572,639,7701,,150,ACTIVE,,
1573,639,,27,63.0,ACTIVE,,
1574,640,7436,,150,ACTIVE,,
1575,641,,27,63.0,ACTIVE,,
1576,642,8225,,99.0,ACTIVE,,
1577,642,,27,63.0,ACTIVE,,
1578,642,,27,63.0,ACTIVE,,
1579,643,7949,,99.0,ACTIVE,,
1580,643,8334,,99.0,ACTIVE,,
1581,643,7545,,150,ACTIVE,,
1582,644,,27,63.0,ACTIVE,,
1583,644,,27,63.0,ACTIVE,,
1584,644,7423,,150,ACTIVE,,
1585,645,7387,,150,ACTIVE,,
1586,645,7661,,150,ACTIVE,,
1587,646,,27,63.0,ACTIVE,,
1588,646,7602,,150,ACTIVE,,
1589,646,8125,,99.0,ACTIVE,,
1590,646,7850,,150,ACTIVE,,
1591,647,7874,,150,ACTIVE,,
1592,647,7887,,150,ACTIVE,,
1593,647,,27,63.0,ACTIVE,,
1594,647,8455,,99.0,ACTIVE,,
1595,648,8062,,99.0,ACTIVE,,
1596,648,,27,63.0,ACTIVE,,
1597,649,8335,,99.0,ACTIVE,,
1598,650,7676,,150,ACTIVE,,
1599,650,8401,,99.0,ACTIVE,,
1600,650,,27,63.0,ACTIVE,,
1601,651,8288,,99.0,ACTIVE,,
1602,652,7993,,99.0,ACTIVE,,
1603,652,,27,63.0,ACTIVE,,
1604,652,7911,,150,ACTIVE,,
1605,653,,27,63.0,ACTIVE,,
1606,654,8105,,99.0,ACTIVE,,
1607,654,8266,,99.0,ACTIVE,,
1608,655,,27,63.0,ACTIVE,,
1609,655,8480,,99.0,ACTIVE,,
1610,656,,27,63.0,ACTIVE,,
1611,657,,27,63.0,ACTIVE,,
1612,657,,27,63.0,ACTIVE,,
1613,657,7875,,150,ACTIVE,,
1614,657,8264,,99.0,ACTIVE,,
1615,658,7350,,150,ACTIVE,,
1616,658,7373,,150,ACTIVE,,
1617,658,8091,,99.0,ACTIVE,,
1618,658,8291,,99.0,ACTIVE,,
1619,659,8312,,99.0,ACTIVE,,
1620,659,7506,,150,ACTIVE,,
1621,659,8092,,99.0,ACTIVE,,
1622,659,8030,,99.0,ACTIVE,,
1623,660,7430,,150,ACTIVE,,
1624,660,,27,63.0,ACTIVE,,
1625,660,8432,,99.0,ACTIVE,,
1626,661,7934,,99.0,ACTIVE,,
1627,661,8237,,99.0,ACTIVE,,
1628,661,,27,63.0,ACTIVE,,
1629,662,7723,,150,ACTIVE,,
1630,663,7914,,99.0,ACTIVE,,
1631,663,7452,,150,ACTIVE,,
1632,663,7526,,150,ACTIVE,,
1633,663,7744,,150,ACTIVE,,
1634,664,,27,63.0,ACTIVE,,
1635,665,,27,63.0,ACTIVE,,
1636,665,7606,,150,ACTIVE,,
1637,666,7900,,150,ACTIVE,,
1638,666,,27,63.0,ACTIVE,,
1639,667,7478,,150,ACTIVE,,
1640,667,8198,,99.0,ACTIVE,,
1641,668,,27,63.0,ACTIVE,,
1642,668,7615,,150,ACTIVE,,
1643,669,7958,,99.0,ACTIVE,,
1644,670,,27,63.0,ACTIVE,,
1645,670,8071,,99.0,ACTIVE,,
1646,671,8409,,99.0,ACTIVE,,
1647,671,7757,,150,ACTIVE,,
1648,671,,27,63.0,ACTIVE,,
1649,671,8370,,99.0,ACTIVE,,
1650,672,7751,,150,ACTIVE,,
1651,673,7884,,150,ACTIVE,,
1652,673,7413,,150,ACTIVE,,
1653,673,7869,,150,ACTIVE,,
1654,673,7577,,150,ACTIVE,,
1655,674,8169,,99.0,ACTIVE,,
1656,675,,27,63.0,ACTIVE,,
1657,675,7798,,150,ACTIVE,,
1658,675,8162,,99.0,ACTIVE,,
1659,675,7827,,150,ACTIVE,,
1660,676,7642,,150,ACTIVE,,
1661,676,,27,63.0,ACTIVE,,
1662,676,,27,63.0,ACTIVE,,
1663,677,8331,,99.0,ACTIVE,,
1664,677,,27,63.0,ACTIVE,,
1665,677,7826,,150,ACTIVE,,
1666,677,7879,,150,ACTIVE,,
1667,678,7961,,99.0,ACTIVE,,
1668,679,,27,63.0,ACTIVE,,
1669,680,,27,63.0,ACTIVE,,
1670,680,8251,,99.0,ACTIVE,,
1671,681,7524,,150,ACTIVE,,
1672,681,,27,63.0,ACTIVE,,
1673,682,7936,,99.0,ACTIVE,,
1674,682,8060,,99.0,ACTIVE,,
1675,682,7677,,150,ACTIVE,,
1676,683,,27,63.0,ACTIVE,,
1677,683,7404,,150,ACTIVE,,
1678,684,8300,,99.0,ACTIVE,,
1679,684,,27,63.0,ACTIVE,,
1680,684,7815,,150,ACTIVE,,
1681,685,,27,63.0,ACTIVE,,
1682,685,8485,,99.0,ACTIVE,,
1683,685,7643,,150,ACTIVE,,
1684,686,7897,,150,ACTIVE,,
1685,687,,27,63.0,ACTIVE,,
1686,687,7548,,150,ACTIVE,,
1687,687,,27,63.0,ACTIVE,,
1688,687,,27,63.0,ACTIVE,,
1689,688,7977,,99.0,ACTIVE,,
1690,688,8311,,99.0,ACTIVE,,
1691,688,7599,,150,ACTIVE,,
1692,689,8114,,99.0,ACTIVE,,
1693,689,7528,,150,ACTIVE,,
1694,689,8241,,99.0,ACTIVE,,
1695,689,,27,63.0,ACTIVE,,
1696,690,7489,,150,ACTIVE,,
1697,690,8443,,99.0,ACTIVE,,
1698,691,,27,63.0,ACTIVE,,
1699,691,,27,63.0,ACTIVE,,
1700,691,,27,63.0,ACTIVE,,
1701,692,7654,,150,ACTIVE,,
1702,692,,27,63.0,ACTIVE,,
1703,692,7503,,150,ACTIVE,,
1704,693,7983,,99.0,ACTIVE,,
1705,694,,27,63.0,ACTIVE,,
1706,694,8095,,99.0,ACTIVE,,
1707,695,7972,,99.0,ACTIVE,,
1708,695,,27,63.0,ACTIVE,,
1709,695,7633,,150,ACTIVE,,
1710,695,7608,,150,ACTIVE,,
1711,696,7536,,150,ACTIVE,,
1712,696,8174,,99.0,ACTIVE,,
1713,697,,27,63.0,ACTIVE,,
1714,697,8333,,99.0,ACTIVE,,
1715,698,7328,,150,ACTIVE,,
1716,698,,27,63.0,ACTIVE,,
1717,699,7555,,150,ACTIVE,,
1718,700,8155,,99.0,ACTIVE,,
1719,700,,27,63.0,ACTIVE,,
1720,701,8329,,99.0,ACTIVE,,
1721,701,,27,63.0,ACTIVE,,
1722,701,7603,,150,ACTIVE,,
1723,701,7549,,150,ACTIVE,,
1724,702,7511,,150,ACTIVE,,
1725,702,7544,,150,ACTIVE,,
1726,702,8287,,99.0,ACTIVE,,
1727,702,,27,63.0,ACTIVE,,
1728,703,7591,,150,ACTIVE,,
1729,704,,27,63.0,ACTIVE,,
1730,704,7680,,150,ACTIVE,,
1731,704,7999,,99.0,ACTIVE,,
1732,704,8433,,99.0,ACTIVE,,
1733,705,8011,,99.0,ACTIVE,,
1734,706,8184,,99.0,ACTIVE,,
1735,706,8387,,99.0,ACTIVE,,
1736,706,8429,,99.0,ACTIVE,,
1737,707,8456,,99.0,ACTIVE,,
1738,707,,27,63.0,ACTIVE,,
1739,708,7512,,150,ACTIVE,,
1740,708,8224,,99.0,ACTIVE,,
1741,708,8470,,99.0,ACTIVE,,
1742,709,7712,,150,ACTIVE,,
1743,709,8284,,99.0,ACTIVE,,
1744,710,,27,63.0,ACTIVE,,
1745,711,,27,63.0,ACTIVE,,
1746,711,8436,,99.0,ACTIVE,,
1747,711,8240,,99.0,ACTIVE,,
1748,712,,27,63.0,ACTIVE,,
1749,712,8427,,99.0,ACTIVE,,
1750,712,8226,,99.0,ACTIVE,,
1751,712,8203,,99.0,ACTIVE,,
1752,713,,27,63.0,ACTIVE,,
1753,713,7538,,150,ACTIVE,,
1754,713,7943,,99.0,ACTIVE,,
1755,713,,27,63.0,ACTIVE,,
1756,714,7843,,150,ACTIVE,,
1757,714,7483,,150,ACTIVE,,
1758,714,,27,63.0,ACTIVE,,
1759,714,8297,,99.0,ACTIVE,,
1760,715,8441,,99.0,ACTIVE,,
1761,715,8322,,99.0,ACTIVE,,
1762,716,7800,,150,ACTIVE,,
1763,716,8354,,99.0,ACTIVE,,
1764,716,,27,63.0,ACTIVE,,
1765,716,7371,,150,ACTIVE,,
1766,717,8314,,99.0,ACTIVE,,
1767,717,8228,,99.0,ACTIVE,,
1768,717,,27,63.0,ACTIVE,,
1769,718,7946,,99.0,ACTIVE,,
1770,718,7663,,150,ACTIVE,,
1771,719,8364,,99.0,ACTIVE,,
1772,720,7540,,150,ACTIVE,,
1773,720,7667,,150,ACTIVE,,
1774,720,,27,63.0,ACTIVE,,
1775,720,7475,,150,ACTIVE,,
1776,721,,27,63.0,ACTIVE,,
1777,721,7578,,150,ACTIVE,,
1778,722,7375,,150,ACTIVE,,
1779,723,8141,,99.0,ACTIVE,,
1780,723,,27,63.0,ACTIVE,,
1781,723,,27,63.0,ACTIVE,,
1782,723,,27,63.0,ACTIVE,,
1783,724,,27,63.0,ACTIVE,,
1784,724,7925,,99.0,ACTIVE,,
1785,725,4873,,200,ACTIVE,,
1786,725,4881,,200,ACTIVE,,
1787,725,4877,,200,ACTIVE,,
1788,725,4875,,200,ACTIVE,,
1789,726,4865,,200,ACTIVE,,
1790,726,4867,,200,ACTIVE,,
1791,726,4869,,200,ACTIVE,,
1792,726,4883,,200,ACTIVE,,
1793,727,4871,,200,ACTIVE,,
1794,727,4879,,200,ACTIVE,,
1795,728,3437,,110,ACTIVE,,
1796,729,3436,,110,ACTIVE,,
1797,730,3433,,110,ACTIVE,,
1798,730,3434,,110,ACTIVE,,
1799,731,3438,,110,ACTIVE,,
1800,731,3435,,110,ACTIVE,,
1801,732,4866,,180,CANCELLED,2026-07-27 12:00:00,CUSTOMER
1802,732,4867,,180,ACTIVE,,
1803,733,1,,200,ACTIVE,,
1804,734,3433,,90,ACTIVE,,
1805,734,3434,,90,ACTIVE,,
1806,735,4870,,200,ACTIVE,,
1807,735,4871,,200,ACTIVE,,
1808,736,1173,,175,ACTIVE,,
1809,737,7319,,150,ACTIVE,,
1810,737,7320,,150,ACTIVE,,
1811,738,4865,,150,ACTIVE,,
1812,739,6040,,200,ACTIVE,,
1813,740,6041,,180,CANCELLED,2026-07-31 12:00:00,CUSTOMER
1814,740,6042,,180,ACTIVE,,
1815,741,7317,,150,ACTIVE,,
1816,742,1174,,175,ACTIVE,,
1817,742,1175,,175,ACTIVE,,
1818,743,4872,,200,ACTIVE,,
1819,743,4873,,200,ACTIVE,,
1820,744,4874,,200,ACTIVE,,
1821,744,4875,,200,ACTIVE,,
1822,745,7318,,150,ACTIVE,,
1823,746,1173,,150,ACTIVE,,
1824,746,1174,,150,ACTIVE,,
1825,747,6037,,150,ACTIVE,,
1826,748,4,,54.6,ACTIVE,,
1827,748,5,,54.6,ACTIVE,,
1828,749,7321,,150,ACTIVE,,
1829,749,7322,,150,ACTIVE,,
1830,750,4866,,150,ACTIVE,,
1831,751,1,,180,ACTIVE,,
1832,751,2,,180,ACTIVE,,
1833,752,7318,,180,ACTIVE,,
1834,752,7319,,180,ACTIVE,,
1835,753,6038,,150,ACTIVE,,
1836,753,6039,,150,ACTIVE,,
1837,753,6040,,150,ACTIVE,,
1838,753,6041,,150,ACTIVE,,
1839,754,6,,54.6,ACTIVE,,
1840,754,7,,54.6,ACTIVE,,
1841,754,8,,54.6,ACTIVE,,
1842,754,9,,54.6,ACTIVE,,
1843,755,3436,,90,ACTIVE,,
1844,755,3437,,90,ACTIVE,,
1845,756,4876,,200,ACTIVE,,
1846,756,4877,,200,ACTIVE,,
1847,756,4878,,200,ACTIVE,,
1848,757,7319,,150,ACTIVE,,
1849,757,7320,,150,ACTIVE,,
1850,757,7321,,150,ACTIVE,,
1851,758,4149,,90,ACTIVE,,
1852,758,4150,,90,ACTIVE,,
1853,758,4151,,90,ACTIVE,,
1854,758,4152,,90,ACTIVE,,
1855,759,3438,,110,ACTIVE,,
1856,759,3439,,110,ACTIVE,,
1857,759,3440,,110,ACTIVE,,
1858,759,3441,,110,ACTIVE,,
