ownership_id,ticket_id,owner_id,acquired_at,acquired_via
1,1,110,2026-05-18 12:00:00,PURCHASE
2,2,40,2026-06-22 12:00:00,PURCHASE
3,3,96,2026-06-04 12:00:00,PURCHASE
4,4,59,2026-06-10 12:00:00,PURCHASE
5,5,61,2026-06-17 12:00:00,PURCHASE
6,6,61,2026-06-17 12:00:00,PURCHASE
7,7,61,2026-06-17 12:00:00,PURCHASE
8,8,79,2025-10-09 12:00:00,PURCHASE
9,9,79,2025-10-09 12:00:00,PURCHASE
10,10,79,2025-10-09 12:00:00,PURCHASE
11,11,16,2026-01-17 12:00:00,PURCHASE
12,12,62,2025-11-20 12:00:00,PURCHASE
13,13,65,2025-11-10 12:00:00,PURCHASE
14,14,65,2025-11-10 12:00:00,PURCHASE
15,15,65,2025-11-10 12:00:00,PURCHASE
16,16,67,2025-09-15 12:00:00,PURCHASE
17,17,67,2025-09-15 12:00:00,PURCHASE
18,18,86,2025-09-19 12:00:00,PURCHASE
19,19,86,2025-09-19 12:00:00,PURCHASE
20,20,55,2025-09-17 12:00:00,PURCHASE
21,21,55,2025-09-17 12:00:00,PURCHASE
22,22,68,2025-12-20 12:00:00,PURCHASE
23,23,68,2025-12-20 12:00:00,PURCHASE
24,24,68,2025-12-20 12:00:00,PURCHASE
25,25,92,2026-03-15 12:00:00,PURCHASE
26,26,92,2026-03-15 12:00:00,PURCHASE
27,27,92,2026-03-15 12:00:00,PURCHASE
28,28,40,2026-03-04 12:00:00,PURCHASE
29,29,69,2026-03-12 12:00:00,PURCHASE
30,30,69,2026-03-12 12:00:00,PURCHASE
31,31,69,2026-03-12 12:00:00,PURCHASE
32,32,19,2026-03-08 12:00:00,PURCHASE
33,33,103,2025-11-11 12:00:00,PURCHASE
34,34,103,2025-11-11 12:00:00,PURCHASE
35,35,103,2025-11-11 12:00:00,PURCHASE
36,36,111,2025-11-11 12:00:00,PURCHASE
37,37,111,2025-11-11 12:00:00,PURCHASE
38,38,111,2025-11-11 12:00:00,PURCHASE
39,39,11,2025-12-27 12:00:00,PURCHASE
40,40,11,2025-12-27 12:00:00,PURCHASE
41,41,41,2025-12-17 12:00:00,PURCHASE
42,42,47,2026-03-13 12:00:00,PURCHASE
43,43,41,2026-03-08 12:00:00,PURCHASE
44,44,41,2026-03-08 12:00:00,PURCHASE
45,45,12,2026-01-08 12:00:00,PURCHASE
46,46,12,2026-01-08 12:00:00,PURCHASE
47,47,12,2026-01-08 12:00:00,PURCHASE
48,48,68,2026-01-18 12:00:00,PURCHASE
49,49,94,2025-08-28 12:00:00,PURCHASE
50,50,94,2025-08-28 12:00:00,PURCHASE
51,51,46,2025-09-25 12:00:00,PURCHASE
52,52,25,2026-05-05 12:00:00,PURCHASE
53,53,25,2026-05-05 12:00:00,PURCHASE
54,54,25,2026-05-05 12:00:00,PURCHASE
55,55,81,2026-04-22 12:00:00,PURCHASE
56,56,81,2026-04-22 12:00:00,PURCHASE
57,57,66,2025-08-23 12:00:00,PURCHASE
58,58,66,2025-08-23 12:00:00,PURCHASE
59,59,66,2025-08-23 12:00:00,PURCHASE
60,60,39,2025-09-05 12:00:00,PURCHASE
61,61,75,2025-10-30 12:00:00,PURCHASE
62,62,75,2025-10-30 12:00:00,PURCHASE
63,63,31,2025-10-04 12:00:00,PURCHASE
64,64,31,2025-10-04 12:00:00,PURCHASE
65,65,107,2026-05-18 12:00:00,PURCHASE
66,66,22,2026-05-13 12:00:00,PURCHASE
67,67,22,2026-05-13 12:00:00,PURCHASE
68,68,22,2026-05-13 12:00:00,PURCHASE
69,69,14,2026-06-17 12:00:00,PURCHASE
70,70,14,2026-06-17 12:00:00,PURCHASE
71,71,14,2026-06-17 12:00:00,PURCHASE
72,72,23,2026-05-13 12:00:00,PURCHASE
73,73,106,2026-06-16 12:00:00,PURCHASE
74,74,106,2026-06-16 12:00:00,PURCHASE
75,75,7,2026-05-24 12:00:00,PURCHASE
76,76,47,2026-07-04 12:00:00,PURCHASE
77,77,47,2026-07-04 12:00:00,PURCHASE
78,78,47,2026-07-04 12:00:00,PURCHASE
79,79,8,2026-05-26 12:00:00,PURCHASE
80,80,8,2026-05-26 12:00:00,PURCHASE
81,81,81,2026-07-15 12:00:00,PURCHASE
82,82,81,2026-07-15 12:00:00,PURCHASE
83,83,49,2026-06-12 12:00:00,PURCHASE
84,84,49,2026-06-12 12:00:00,PURCHASE
85,85,31,2026-07-27 12:00:00,PURCHASE
86,86,31,2026-07-27 12:00:00,PURCHASE
87,87,31,2026-07-27 12:00:00,PURCHASE
88,88,116,2026-05-17 12:00:00,PURCHASE
89,89,116,2026-05-17 12:00:00,PURCHASE
90,90,7,2026-07-03 12:00:00,PURCHASE
91,91,7,2026-07-03 12:00:00,PURCHASE
92,92,58,2026-06-21 12:00:00,PURCHASE
93,93,58,2026-06-21 12:00:00,PURCHASE
94,94,58,2026-06-21 12:00:00,PURCHASE
95,95,62,2026-05-10 12:00:00,PURCHASE
96,96,62,2026-05-10 12:00:00,PURCHASE
97,97,62,2026-05-10 12:00:00,PURCHASE
98,98,105,2026-05-25 12:00:00,PURCHASE
99,99,78,2026-07-19 12:00:00,PURCHASE
100,100,72,2026-05-23 12:00:00,PURCHASE
101,101,72,2026-05-23 12:00:00,PURCHASE
102,102,72,2026-05-23 12:00:00,PURCHASE
103,103,56,2026-06-12 12:00:00,PURCHASE
104,104,56,2026-06-12 12:00:00,PURCHASE
105,105,56,2026-06-12 12:00:00,PURCHASE
106,106,19,2026-07-11 12:00:00,PURCHASE
107,107,19,2026-07-11 12:00:00,PURCHASE
108,108,90,2026-05-28 12:00:00,PURCHASE
109,109,90,2026-05-28 12:00:00,PURCHASE
110,110,90,2026-05-28 12:00:00,PURCHASE
111,111,93,2026-07-05 12:00:00,PURCHASE
112,112,93,2026-07-05 12:00:00,PURCHASE
113,113,93,2026-07-05 12:00:00,PURCHASE
114,114,57,2026-05-19 12:00:00,PURCHASE
115,115,83,2026-05-10 12:00:00,PURCHASE
116,116,83,2026-05-10 12:00:00,PURCHASE
117,117,23,2026-06-22 12:00:00,PURCHASE
118,118,23,2026-06-22 12:00:00,PURCHASE
119,119,23,2026-06-22 12:00:00,PURCHASE
120,120,8,2026-06-27 12:00:00,PURCHASE
121,121,8,2026-06-27 12:00:00,PURCHASE
122,122,42,2026-06-24 12:00:00,PURCHASE
123,123,15,2026-06-30 12:00:00,PURCHASE
124,124,15,2026-06-30 12:00:00,PURCHASE
125,125,107,2026-05-22 12:00:00,PURCHASE
126,126,107,2026-05-22 12:00:00,PURCHASE
127,127,107,2026-05-22 12:00:00,PURCHASE
128,128,92,2026-05-02 12:00:00,PURCHASE
129,129,82,2026-05-04 12:00:00,PURCHASE
130,130,82,2026-05-04 12:00:00,PURCHASE
131,131,66,2026-05-21 12:00:00,PURCHASE
132,132,66,2026-05-21 12:00:00,PURCHASE
133,133,66,2026-05-21 12:00:00,PURCHASE
134,134,66,2026-05-21 12:00:00,PURCHASE
135,135,80,2026-04-26 12:00:00,PURCHASE
136,136,101,2026-04-24 12:00:00,PURCHASE
137,137,101,2026-04-24 12:00:00,PURCHASE
138,138,101,2026-04-24 12:00:00,PURCHASE
139,139,35,2026-05-22 12:00:00,PURCHASE
140,140,35,2026-05-22 12:00:00,PURCHASE
141,141,109,2026-05-01 12:00:00,PURCHASE
142,142,109,2026-05-01 12:00:00,PURCHASE
143,143,109,2026-05-01 12:00:00,PURCHASE
144,144,18,2026-05-16 12:00:00,PURCHASE
145,145,18,2026-05-16 12:00:00,PURCHASE
146,146,80,2026-05-14 12:00:00,PURCHASE
147,147,80,2026-05-14 12:00:00,PURCHASE
148,148,114,2026-05-08 12:00:00,PURCHASE
149,149,114,2026-05-08 12:00:00,PURCHASE
150,150,24,2026-05-10 12:00:00,PURCHASE
151,151,24,2026-05-10 12:00:00,PURCHASE
152,152,50,2026-04-23 12:00:00,PURCHASE
153,153,50,2026-04-23 12:00:00,PURCHASE
154,154,12,2026-05-09 12:00:00,PURCHASE
155,155,12,2026-05-09 12:00:00,PURCHASE
156,156,12,2026-05-09 12:00:00,PURCHASE
157,157,12,2026-05-09 12:00:00,PURCHASE
158,158,105,2026-04-29 12:00:00,PURCHASE
159,159,105,2026-04-29 12:00:00,PURCHASE
160,160,105,2026-04-29 12:00:00,PURCHASE
161,161,102,2026-05-17 12:00:00,PURCHASE
162,162,63,2026-05-15 12:00:00,PURCHASE
163,163,63,2026-05-15 12:00:00,PURCHASE
164,164,63,2026-05-15 12:00:00,PURCHASE
165,165,26,2026-05-14 12:00:00,PURCHASE
166,166,26,2026-05-14 12:00:00,PURCHASE
167,167,26,2026-05-14 12:00:00,PURCHASE
168,168,26,2026-05-14 12:00:00,PURCHASE
169,169,44,2026-05-18 12:00:00,PURCHASE
170,170,44,2026-05-18 12:00:00,PURCHASE
171,171,44,2026-05-18 12:00:00,PURCHASE
172,172,22,2026-05-05 12:00:00,PURCHASE
173,173,22,2026-05-05 12:00:00,PURCHASE
174,174,29,2026-05-21 12:00:00,PURCHASE
175,175,29,2026-05-21 12:00:00,PURCHASE
176,176,29,2026-05-21 12:00:00,PURCHASE
177,177,47,2026-04-27 12:00:00,PURCHASE
178,178,47,2026-04-27 12:00:00,PURCHASE
179,179,73,2026-05-18 12:00:00,PURCHASE
180,180,73,2026-05-18 12:00:00,PURCHASE
181,181,73,2026-05-18 12:00:00,PURCHASE
182,182,73,2026-05-18 12:00:00,PURCHASE
183,183,35,2026-05-09 12:00:00,PURCHASE
184,184,41,2026-04-27 12:00:00,PURCHASE
185,185,41,2026-04-27 12:00:00,PURCHASE
186,186,57,2026-05-04 12:00:00,PURCHASE
187,187,65,2026-05-11 12:00:00,PURCHASE
188,188,18,2026-05-06 12:00:00,PURCHASE
189,189,45,2026-04-25 12:00:00,PURCHASE
190,190,7,2026-04-24 12:00:00,PURCHASE
191,191,7,2026-04-24 12:00:00,PURCHASE
192,192,7,2026-04-24 12:00:00,PURCHASE
193,193,12,2026-05-16 12:00:00,PURCHASE
194,194,12,2026-05-16 12:00:00,PURCHASE
195,195,12,2026-05-16 12:00:00,PURCHASE
196,196,12,2026-05-16 12:00:00,PURCHASE
197,197,116,2026-05-03 12:00:00,PURCHASE
198,198,87,2026-04-24 12:00:00,PURCHASE
199,199,87,2026-04-24 12:00:00,PURCHASE
200,200,89,2026-04-28 12:00:00,PURCHASE
201,201,89,2026-04-28 12:00:00,PURCHASE
202,202,89,2026-04-28 12:00:00,PURCHASE
203,203,62,2026-05-15 12:00:00,PURCHASE
204,204,68,2026-05-12 12:00:00,PURCHASE
205,205,68,2026-05-12 12:00:00,PURCHASE
206,206,68,2026-05-12 12:00:00,PURCHASE
207,207,16,2026-05-14 12:00:00,PURCHASE
208,208,16,2026-05-14 12:00:00,PURCHASE
209,209,70,2026-05-02 12:00:00,PURCHASE
210,210,70,2026-05-02 12:00:00,PURCHASE
211,211,70,2026-05-02 12:00:00,PURCHASE
212,212,110,2026-05-07 12:00:00,PURCHASE
213,213,110,2026-05-07 12:00:00,PURCHASE
214,214,110,2026-05-07 12:00:00,PURCHASE
215,215,110,2026-05-07 12:00:00,PURCHASE
216,216,57,2026-04-26 12:00:00,PURCHASE
217,217,57,2026-04-26 12:00:00,PURCHASE
218,218,55,2026-05-17 12:00:00,PURCHASE
219,219,55,2026-05-17 12:00:00,PURCHASE
220,220,55,2026-05-17 12:00:00,PURCHASE
221,221,106,2026-05-22 12:00:00,PURCHASE
222,222,106,2026-05-22 12:00:00,PURCHASE
223,223,21,2026-05-04 12:00:00,PURCHASE
224,224,21,2026-05-04 12:00:00,PURCHASE
225,225,21,2026-05-04 12:00:00,PURCHASE
226,226,22,2026-05-11 12:00:00,PURCHASE
227,227,80,2026-05-22 12:00:00,PURCHASE
228,228,80,2026-05-22 12:00:00,PURCHASE
229,229,53,2026-05-06 12:00:00,PURCHASE
230,230,106,2026-05-16 12:00:00,PURCHASE
231,231,106,2026-05-16 12:00:00,PURCHASE
232,232,106,2026-05-16 12:00:00,PURCHASE
233,233,106,2026-05-16 12:00:00,PURCHASE
234,234,108,2026-04-23 12:00:00,PURCHASE
235,235,108,2026-04-23 12:00:00,PURCHASE
236,236,108,2026-04-23 12:00:00,PURCHASE
237,237,108,2026-04-23 12:00:00,PURCHASE
238,238,77,2026-05-10 12:00:00,PURCHASE
239,239,111,2026-05-21 12:00:00,PURCHASE
240,240,111,2026-05-21 12:00:00,PURCHASE
241,241,111,2026-05-21 12:00:00,PURCHASE
242,242,96,2026-05-13 12:00:00,PURCHASE
243,243,46,2026-04-26 12:00:00,PURCHASE
244,244,46,2026-04-26 12:00:00,PURCHASE
245,245,34,2026-05-15 12:00:00,PURCHASE
246,246,64,2026-05-17 12:00:00,PURCHASE
247,247,64,2026-05-17 12:00:00,PURCHASE
248,248,64,2026-05-17 12:00:00,PURCHASE
249,249,64,2026-05-17 12:00:00,PURCHASE
250,250,73,2026-05-01 12:00:00,PURCHASE
251,251,73,2026-05-01 12:00:00,PURCHASE
252,252,73,2026-05-01 12:00:00,PURCHASE
253,253,52,2026-05-03 12:00:00,PURCHASE
254,254,45,2026-05-02 12:00:00,PURCHASE
255,255,45,2026-05-02 12:00:00,PURCHASE
256,256,99,2026-05-10 12:00:00,PURCHASE
257,257,99,2026-05-10 12:00:00,PURCHASE
258,258,72,2026-05-12 12:00:00,PURCHASE
259,259,72,2026-05-12 12:00:00,PURCHASE
260,260,106,2026-04-29 12:00:00,PURCHASE
261,261,106,2026-04-29 12:00:00,PURCHASE
262,262,106,2026-04-29 12:00:00,PURCHASE
263,263,106,2026-04-29 12:00:00,PURCHASE
264,264,15,2026-05-09 12:00:00,PURCHASE
265,265,15,2026-05-09 12:00:00,PURCHASE
266,266,15,2026-05-09 12:00:00,PURCHASE
267,267,17,2026-05-08 12:00:00,PURCHASE
268,268,39,2026-04-27 12:00:00,PURCHASE
269,269,39,2026-04-27 12:00:00,PURCHASE
270,270,39,2026-04-27 12:00:00,PURCHASE
271,271,39,2026-04-27 12:00:00,PURCHASE
272,272,58,2026-05-18 12:00:00,PURCHASE
273,273,58,2026-05-18 12:00:00,PURCHASE
274,274,58,2026-05-18 12:00:00,PURCHASE
275,275,58,2026-05-18 12:00:00,PURCHASE
276,276,92,2026-05-04 12:00:00,PURCHASE
277,277,26,2026-05-11 12:00:00,PURCHASE
278,278,26,2026-05-11 12:00:00,PURCHASE
279,279,26,2026-05-11 12:00:00,PURCHASE
280,280,25,2026-05-08 12:00:00,PURCHASE
281,281,25,2026-05-08 12:00:00,PURCHASE
282,282,25,2026-05-08 12:00:00,PURCHASE
283,283,25,2026-05-08 12:00:00,PURCHASE
284,284,61,2026-05-06 12:00:00,PURCHASE
285,285,61,2026-05-06 12:00:00,PURCHASE
286,286,61,2026-05-06 12:00:00,PURCHASE
287,287,61,2026-05-06 12:00:00,PURCHASE
288,288,80,2026-05-18 12:00:00,PURCHASE
289,289,80,2026-05-18 12:00:00,PURCHASE
290,290,80,2026-05-18 12:00:00,PURCHASE
291,291,80,2026-05-18 12:00:00,PURCHASE
292,292,49,2026-05-14 12:00:00,PURCHASE
293,293,49,2026-05-14 12:00:00,PURCHASE
294,294,49,2026-05-14 12:00:00,PURCHASE
295,295,49,2026-05-14 12:00:00,PURCHASE
296,296,37,2026-05-20 12:00:00,PURCHASE
297,297,37,2026-05-20 12:00:00,PURCHASE
298,298,54,2026-05-10 12:00:00,PURCHASE
299,299,54,2026-05-10 12:00:00,PURCHASE
300,300,54,2026-05-10 12:00:00,PURCHASE
301,301,22,2026-05-15 12:00:00,PURCHASE
302,302,22,2026-05-15 12:00:00,PURCHASE
303,303,22,2026-05-15 12:00:00,PURCHASE
304,304,22,2026-05-15 12:00:00,PURCHASE
305,305,14,2026-05-01 12:00:00,PURCHASE
306,306,14,2026-05-01 12:00:00,PURCHASE
307,307,14,2026-05-01 12:00:00,PURCHASE
308,308,86,2026-05-14 12:00:00,PURCHASE
309,309,86,2026-05-14 12:00:00,PURCHASE
310,310,86,2026-05-14 12:00:00,PURCHASE
311,311,86,2026-05-14 12:00:00,PURCHASE
312,312,16,2026-05-09 12:00:00,PURCHASE
313,313,16,2026-05-09 12:00:00,PURCHASE
314,314,16,2026-05-09 12:00:00,PURCHASE
315,315,28,2026-05-04 12:00:00,PURCHASE
316,316,28,2026-05-04 12:00:00,PURCHASE
317,317,28,2026-05-04 12:00:00,PURCHASE
318,318,71,2026-05-07 12:00:00,PURCHASE
319,319,71,2026-05-07 12:00:00,PURCHASE
320,320,10,2026-04-26 12:00:00,PURCHASE
321,321,10,2026-04-26 12:00:00,PURCHASE
322,322,10,2026-04-26 12:00:00,PURCHASE
323,323,10,2026-04-26 12:00:00,PURCHASE
324,324,16,2026-05-12 12:00:00,PURCHASE
325,325,16,2026-05-12 12:00:00,PURCHASE
326,326,16,2026-05-12 12:00:00,PURCHASE
327,327,86,2026-04-26 12:00:00,PURCHASE
328,328,86,2026-04-26 12:00:00,PURCHASE
329,329,32,2026-05-15 12:00:00,PURCHASE
330,330,32,2026-05-15 12:00:00,PURCHASE
331,331,84,2026-04-27 12:00:00,PURCHASE
332,332,84,2026-04-27 12:00:00,PURCHASE
333,333,84,2026-04-27 12:00:00,PURCHASE
334,334,95,2026-04-27 12:00:00,PURCHASE
335,335,95,2026-04-27 12:00:00,PURCHASE
336,336,30,2026-05-13 12:00:00,PURCHASE
337,337,30,2026-05-13 12:00:00,PURCHASE
338,338,39,2026-05-01 12:00:00,PURCHASE
339,339,50,2026-05-20 12:00:00,PURCHASE
340,340,50,2026-05-20 12:00:00,PURCHASE
341,341,50,2026-05-20 12:00:00,PURCHASE
342,342,50,2026-05-20 12:00:00,PURCHASE
343,343,23,2026-05-19 12:00:00,PURCHASE
344,344,23,2026-05-19 12:00:00,PURCHASE
345,345,23,2026-05-19 12:00:00,PURCHASE
346,346,92,2026-04-24 12:00:00,PURCHASE
347,347,72,2026-05-14 12:00:00,PURCHASE
348,348,72,2026-05-14 12:00:00,PURCHASE
349,349,56,2026-05-11 12:00:00,PURCHASE
350,350,56,2026-05-11 12:00:00,PURCHASE
351,351,56,2026-05-11 12:00:00,PURCHASE
352,352,10,2026-04-28 12:00:00,PURCHASE
353,353,11,2026-04-25 12:00:00,PURCHASE
354,354,87,2026-04-30 12:00:00,PURCHASE
355,355,87,2026-04-30 12:00:00,PURCHASE
356,356,87,2026-04-30 12:00:00,PURCHASE
357,357,15,2026-05-03 12:00:00,PURCHASE
358,358,15,2026-05-03 12:00:00,PURCHASE
359,359,15,2026-05-03 12:00:00,PURCHASE
360,360,87,2026-05-17 12:00:00,PURCHASE
361,361,88,2026-05-06 12:00:00,PURCHASE
362,362,88,2026-05-06 12:00:00,PURCHASE
363,363,88,2026-05-06 12:00:00,PURCHASE
364,364,104,2026-04-29 12:00:00,PURCHASE
365,365,104,2026-04-29 12:00:00,PURCHASE
366,366,104,2026-04-29 12:00:00,PURCHASE
367,367,66,2026-04-27 12:00:00,PURCHASE
368,368,66,2026-04-27 12:00:00,PURCHASE
369,369,68,2026-04-24 12:00:00,PURCHASE
370,370,65,2026-05-01 12:00:00,PURCHASE
371,371,65,2026-05-01 12:00:00,PURCHASE
372,372,36,2026-05-03 12:00:00,PURCHASE
373,373,36,2026-05-03 12:00:00,PURCHASE
374,374,36,2026-05-03 12:00:00,PURCHASE
375,375,36,2026-05-03 12:00:00,PURCHASE
376,376,46,2026-05-02 12:00:00,PURCHASE
377,377,46,2026-05-02 12:00:00,PURCHASE
378,378,46,2026-05-02 12:00:00,PURCHASE
379,379,46,2026-05-02 12:00:00,PURCHASE
380,380,52,2026-05-04 12:00:00,PURCHASE
381,381,52,2026-05-04 12:00:00,PURCHASE
382,382,52,2026-05-04 12:00:00,PURCHASE
383,383,52,2026-05-04 12:00:00,PURCHASE
384,384,27,2026-04-25 12:00:00,PURCHASE
385,385,27,2026-04-25 12:00:00,PURCHASE
386,386,27,2026-04-25 12:00:00,PURCHASE
387,387,44,2026-04-28 12:00:00,PURCHASE
388,388,44,2026-04-28 12:00:00,PURCHASE
389,389,44,2026-04-28 12:00:00,PURCHASE
390,390,58,2026-05-09 12:00:00,PURCHASE
391,391,58,2026-05-09 12:00:00,PURCHASE
392,392,87,2026-05-04 12:00:00,PURCHASE
393,393,87,2026-05-04 12:00:00,PURCHASE
394,394,87,2026-05-04 12:00:00,PURCHASE
395,395,10,2026-05-21 12:00:00,PURCHASE
396,396,39,2026-05-05 12:00:00,PURCHASE
397,397,39,2026-05-05 12:00:00,PURCHASE
398,398,81,2026-05-14 12:00:00,PURCHASE
399,399,81,2026-05-14 12:00:00,PURCHASE
400,400,81,2026-05-14 12:00:00,PURCHASE
401,401,63,2026-05-18 12:00:00,PURCHASE
402,402,63,2026-05-18 12:00:00,PURCHASE
403,403,63,2026-05-18 12:00:00,PURCHASE
404,404,89,2026-04-29 12:00:00,PURCHASE
405,405,91,2026-05-21 12:00:00,PURCHASE
406,406,38,2026-05-19 12:00:00,PURCHASE
407,407,38,2026-05-19 12:00:00,PURCHASE
408,408,38,2026-05-19 12:00:00,PURCHASE
409,409,67,2026-05-05 12:00:00,PURCHASE
410,410,102,2026-05-03 12:00:00,PURCHASE
411,411,102,2026-05-03 12:00:00,PURCHASE
412,412,102,2026-05-03 12:00:00,PURCHASE
413,413,39,2026-05-21 12:00:00,PURCHASE
414,414,39,2026-05-21 12:00:00,PURCHASE
415,415,39,2026-05-21 12:00:00,PURCHASE
416,416,39,2026-05-21 12:00:00,PURCHASE
417,417,103,2026-04-29 12:00:00,PURCHASE
418,418,103,2026-04-29 12:00:00,PURCHASE
419,419,103,2026-04-29 12:00:00,PURCHASE
420,420,64,2026-04-23 12:00:00,PURCHASE
421,421,53,2026-05-09 12:00:00,PURCHASE
422,422,53,2026-05-09 12:00:00,PURCHASE
423,423,53,2026-05-09 12:00:00,PURCHASE
424,424,53,2026-05-09 12:00:00,PURCHASE
425,425,99,2026-05-17 12:00:00,PURCHASE
426,426,99,2026-05-17 12:00:00,PURCHASE
427,427,63,2026-05-10 12:00:00,PURCHASE
428,428,63,2026-05-10 12:00:00,PURCHASE
429,429,63,2026-05-10 12:00:00,PURCHASE
430,430,53,2026-05-21 12:00:00,PURCHASE
431,431,16,2026-05-12 12:00:00,PURCHASE
432,432,16,2026-05-12 12:00:00,PURCHASE
433,433,16,2026-05-12 12:00:00,PURCHASE
434,434,68,2026-05-07 12:00:00,PURCHASE
435,435,68,2026-05-07 12:00:00,PURCHASE
436,436,110,2026-05-09 12:00:00,PURCHASE
437,437,110,2026-05-09 12:00:00,PURCHASE
438,438,110,2026-05-09 12:00:00,PURCHASE
439,439,95,2026-05-18 12:00:00,PURCHASE
440,440,95,2026-05-18 12:00:00,PURCHASE
441,441,95,2026-05-18 12:00:00,PURCHASE
442,442,69,2026-05-18 12:00:00,PURCHASE
443,443,69,2026-05-18 12:00:00,PURCHASE
444,444,69,2026-05-18 12:00:00,PURCHASE
445,445,69,2026-05-18 12:00:00,PURCHASE
446,446,81,2026-04-26 12:00:00,PURCHASE
447,447,81,2026-04-26 12:00:00,PURCHASE
448,448,81,2026-04-26 12:00:00,PURCHASE
449,449,87,2026-05-15 12:00:00,PURCHASE
450,450,87,2026-05-15 12:00:00,PURCHASE
451,451,87,2026-05-15 12:00:00,PURCHASE
452,452,48,2026-05-14 12:00:00,PURCHASE
453,453,40,2026-04-27 12:00:00,PURCHASE
454,454,99,2026-04-24 12:00:00,PURCHASE
455,455,99,2026-04-24 12:00:00,PURCHASE
456,456,99,2026-04-24 12:00:00,PURCHASE
457,457,99,2026-04-24 12:00:00,PURCHASE
458,458,80,2026-05-06 12:00:00,PURCHASE
459,459,26,2026-05-21 12:00:00,PURCHASE
460,460,26,2026-05-21 12:00:00,PURCHASE
461,461,26,2026-05-21 12:00:00,PURCHASE
462,462,26,2026-05-21 12:00:00,PURCHASE
463,463,77,2026-05-02 12:00:00,PURCHASE
464,464,77,2026-05-02 12:00:00,PURCHASE
465,465,77,2026-05-02 12:00:00,PURCHASE
466,466,77,2026-05-02 12:00:00,PURCHASE
467,467,83,2026-05-05 12:00:00,PURCHASE
468,468,83,2026-05-05 12:00:00,PURCHASE
469,469,83,2026-05-05 12:00:00,PURCHASE
470,470,114,2026-05-02 12:00:00,PURCHASE
471,471,87,2026-05-05 12:00:00,PURCHASE
472,472,87,2026-05-05 12:00:00,PURCHASE
473,473,87,2026-05-05 12:00:00,PURCHASE
474,474,41,2026-05-01 12:00:00,PURCHASE
475,475,41,2026-05-01 12:00:00,PURCHASE
476,476,41,2026-05-01 12:00:00,PURCHASE
477,477,41,2026-05-01 12:00:00,PURCHASE
478,478,19,2026-05-17 12:00:00,PURCHASE
479,479,19,2026-05-17 12:00:00,PURCHASE
480,480,26,2026-05-20 12:00:00,PURCHASE
481,481,26,2026-05-20 12:00:00,PURCHASE
482,482,26,2026-05-20 12:00:00,PURCHASE
483,483,20,2026-04-23 12:00:00,PURCHASE
484,484,24,2026-04-27 12:00:00,PURCHASE
485,485,24,2026-04-27 12:00:00,PURCHASE
486,486,24,2026-04-27 12:00:00,PURCHASE
487,487,25,2026-05-06 12:00:00,PURCHASE
488,488,77,2026-05-03 12:00:00,PURCHASE
489,489,40,2026-05-13 12:00:00,PURCHASE
490,490,40,2026-05-13 12:00:00,PURCHASE
491,491,40,2026-05-13 12:00:00,PURCHASE
492,492,35,2026-05-13 12:00:00,PURCHASE
493,493,35,2026-05-13 12:00:00,PURCHASE
494,494,35,2026-05-13 12:00:00,PURCHASE
495,495,25,2026-04-25 12:00:00,PURCHASE
496,496,25,2026-04-25 12:00:00,PURCHASE
497,497,25,2026-04-25 12:00:00,PURCHASE
498,498,60,2026-05-03 12:00:00,PURCHASE
499,499,76,2026-04-24 12:00:00,PURCHASE
500,500,76,2026-04-24 12:00:00,PURCHASE
501,501,76,2026-04-24 12:00:00,PURCHASE
502,502,43,2026-04-28 12:00:00,PURCHASE
503,503,92,2026-04-29 12:00:00,PURCHASE
504,504,92,2026-04-29 12:00:00,PURCHASE
505,505,92,2026-04-29 12:00:00,PURCHASE
506,506,92,2026-04-29 12:00:00,PURCHASE
507,507,42,2026-05-01 12:00:00,PURCHASE
508,508,42,2026-05-01 12:00:00,PURCHASE
509,509,42,2026-05-01 12:00:00,PURCHASE
510,510,66,2026-05-11 12:00:00,PURCHASE
511,511,76,2026-04-26 12:00:00,PURCHASE
512,512,76,2026-04-26 12:00:00,PURCHASE
513,513,76,2026-04-26 12:00:00,PURCHASE
514,514,76,2026-04-26 12:00:00,PURCHASE
515,515,36,2026-05-08 12:00:00,PURCHASE
516,516,36,2026-05-08 12:00:00,PURCHASE
517,517,36,2026-05-08 12:00:00,PURCHASE
518,518,36,2026-05-08 12:00:00,PURCHASE
519,519,45,2026-05-13 12:00:00,PURCHASE
520,520,45,2026-05-13 12:00:00,PURCHASE
521,521,102,2026-05-18 12:00:00,PURCHASE
522,522,20,2026-05-02 12:00:00,PURCHASE
523,523,20,2026-05-02 12:00:00,PURCHASE
524,524,20,2026-05-02 12:00:00,PURCHASE
525,525,20,2026-05-02 12:00:00,PURCHASE
526,526,8,2026-05-04 12:00:00,PURCHASE
527,527,54,2026-05-01 12:00:00,PURCHASE
528,528,54,2026-05-01 12:00:00,PURCHASE
529,529,29,2026-04-30 12:00:00,PURCHASE
530,530,29,2026-04-30 12:00:00,PURCHASE
531,531,110,2026-05-16 12:00:00,PURCHASE
532,532,110,2026-05-16 12:00:00,PURCHASE
533,533,110,2026-05-16 12:00:00,PURCHASE
534,534,102,2026-05-19 12:00:00,PURCHASE
535,535,102,2026-05-19 12:00:00,PURCHASE
536,536,102,2026-05-19 12:00:00,PURCHASE
537,537,90,2026-05-05 12:00:00,PURCHASE
538,538,90,2026-05-05 12:00:00,PURCHASE
539,539,66,2026-04-24 12:00:00,PURCHASE
540,540,66,2026-04-24 12:00:00,PURCHASE
541,541,66,2026-04-24 12:00:00,PURCHASE
542,542,60,2026-05-16 12:00:00,PURCHASE
543,543,60,2026-05-16 12:00:00,PURCHASE
544,544,61,2026-05-14 12:00:00,PURCHASE
545,545,61,2026-05-14 12:00:00,PURCHASE
546,546,61,2026-05-14 12:00:00,PURCHASE
547,547,61,2026-05-14 12:00:00,PURCHASE
548,548,55,2026-04-26 12:00:00,PURCHASE
549,549,50,2026-04-28 12:00:00,PURCHASE
550,550,92,2026-05-13 12:00:00,PURCHASE
551,551,92,2026-05-13 12:00:00,PURCHASE
552,552,8,2026-05-22 12:00:00,PURCHASE
553,553,68,2026-05-06 12:00:00,PURCHASE
554,554,72,2026-05-07 12:00:00,PURCHASE
555,555,72,2026-05-07 12:00:00,PURCHASE
556,556,72,2026-05-07 12:00:00,PURCHASE
557,557,72,2026-05-07 12:00:00,PURCHASE
558,558,30,2026-05-12 12:00:00,PURCHASE
559,559,30,2026-05-12 12:00:00,PURCHASE
560,560,30,2026-05-12 12:00:00,PURCHASE
561,561,30,2026-05-12 12:00:00,PURCHASE
562,562,113,2026-05-11 12:00:00,PURCHASE
563,563,113,2026-05-11 12:00:00,PURCHASE
564,564,65,2026-04-28 12:00:00,PURCHASE
565,565,65,2026-04-28 12:00:00,PURCHASE
566,566,111,2026-05-01 12:00:00,PURCHASE
567,567,111,2026-05-01 12:00:00,PURCHASE
568,568,100,2026-05-17 12:00:00,PURCHASE
569,569,100,2026-05-17 12:00:00,PURCHASE
570,570,100,2026-05-17 12:00:00,PURCHASE
571,571,30,2026-05-19 12:00:00,PURCHASE
572,572,30,2026-05-19 12:00:00,PURCHASE
573,573,30,2026-05-19 12:00:00,PURCHASE
574,574,111,2026-05-03 12:00:00,PURCHASE
575,575,111,2026-05-03 12:00:00,PURCHASE
576,576,111,2026-05-03 12:00:00,PURCHASE
577,577,111,2026-05-03 12:00:00,PURCHASE
578,578,109,2026-05-14 12:00:00,PURCHASE
579,579,109,2026-05-14 12:00:00,PURCHASE
580,580,72,2026-05-21 12:00:00,PURCHASE
581,581,72,2026-05-21 12:00:00,PURCHASE
582,582,72,2026-05-21 12:00:00,PURCHASE
583,583,72,2026-05-21 12:00:00,PURCHASE
584,584,75,2026-05-14 12:00:00,PURCHASE
585,585,75,2026-05-14 12:00:00,PURCHASE
586,586,75,2026-05-14 12:00:00,PURCHASE
587,587,75,2026-05-14 12:00:00,PURCHASE
588,588,37,2026-04-28 12:00:00,PURCHASE
589,589,37,2026-04-28 12:00:00,PURCHASE
590,590,37,2026-04-28 12:00:00,PURCHASE
591,591,37,2026-04-28 12:00:00,PURCHASE
592,592,109,2026-04-30 12:00:00,PURCHASE
593,593,109,2026-04-30 12:00:00,PURCHASE
594,594,109,2026-04-30 12:00:00,PURCHASE
595,595,109,2026-04-30 12:00:00,PURCHASE
596,596,103,2026-04-30 12:00:00,PURCHASE
597,597,64,2026-05-18 12:00:00,PURCHASE
598,598,64,2026-05-18 12:00:00,PURCHASE
599,599,78,2026-05-14 12:00:00,PURCHASE
600,600,78,2026-05-14 12:00:00,PURCHASE
601,601,78,2026-05-14 12:00:00,PURCHASE
602,602,24,2026-05-17 12:00:00,PURCHASE
603,603,24,2026-05-02 12:00:00,PURCHASE
604,604,110,2026-05-21 12:00:00,PURCHASE
605,605,110,2026-05-21 12:00:00,PURCHASE
606,606,110,2026-05-21 12:00:00,PURCHASE
607,607,8,2026-05-03 12:00:00,PURCHASE
608,608,8,2026-05-03 12:00:00,PURCHASE
609,609,8,2026-05-03 12:00:00,PURCHASE
610,610,8,2026-05-03 12:00:00,PURCHASE
611,611,110,2026-05-08 12:00:00,PURCHASE
612,612,110,2026-05-08 12:00:00,PURCHASE
613,613,110,2026-05-08 12:00:00,PURCHASE
614,614,59,2026-05-13 12:00:00,PURCHASE
615,615,59,2026-05-13 12:00:00,PURCHASE
616,616,9,2026-05-14 12:00:00,PURCHASE
617,617,9,2026-05-14 12:00:00,PURCHASE
618,618,9,2026-05-14 12:00:00,PURCHASE
619,619,21,2026-05-01 12:00:00,PURCHASE
620,620,21,2026-05-01 12:00:00,PURCHASE
621,621,21,2026-05-01 12:00:00,PURCHASE
622,622,108,2026-05-08 12:00:00,PURCHASE
623,623,108,2026-05-08 12:00:00,PURCHASE
624,624,108,2026-05-08 12:00:00,PURCHASE
625,625,108,2026-05-08 12:00:00,PURCHASE
626,626,103,2026-05-09 12:00:00,PURCHASE
627,627,103,2026-05-09 12:00:00,PURCHASE
628,628,23,2026-05-08 12:00:00,PURCHASE
629,629,89,2026-04-24 12:00:00,PURCHASE
630,630,89,2026-04-24 12:00:00,PURCHASE
631,631,45,2026-04-23 12:00:00,PURCHASE
632,632,45,2026-04-23 12:00:00,PURCHASE
633,633,45,2026-04-23 12:00:00,PURCHASE
634,634,45,2026-04-23 12:00:00,PURCHASE
635,635,58,2026-05-10 12:00:00,PURCHASE
636,636,58,2026-05-10 12:00:00,PURCHASE
637,637,74,2026-04-29 12:00:00,PURCHASE
638,638,74,2026-04-29 12:00:00,PURCHASE
639,639,74,2026-04-29 12:00:00,PURCHASE
640,640,74,2026-04-29 12:00:00,PURCHASE
641,641,60,2026-05-10 12:00:00,PURCHASE
642,642,60,2026-05-10 12:00:00,PURCHASE
643,643,60,2026-05-10 12:00:00,PURCHASE
644,644,87,2026-05-15 12:00:00,PURCHASE
645,645,87,2026-05-15 12:00:00,PURCHASE
646,646,87,2026-05-15 12:00:00,PURCHASE
647,647,87,2026-05-15 12:00:00,PURCHASE
648,648,17,2026-04-24 12:00:00,PURCHASE
649,649,17,2026-04-24 12:00:00,PURCHASE
650,650,17,2026-04-24 12:00:00,PURCHASE
651,651,17,2026-04-24 12:00:00,PURCHASE
652,652,77,2026-05-09 12:00:00,PURCHASE
653,653,77,2026-05-09 12:00:00,PURCHASE
654,654,77,2026-05-09 12:00:00,PURCHASE
655,655,109,2026-04-23 12:00:00,PURCHASE
656,656,109,2026-04-23 12:00:00,PURCHASE
657,657,109,2026-04-23 12:00:00,PURCHASE
658,658,109,2026-04-23 12:00:00,PURCHASE
659,659,61,2026-04-26 12:00:00,PURCHASE
660,660,70,2026-04-30 12:00:00,PURCHASE
661,661,70,2026-04-30 12:00:00,PURCHASE
662,662,70,2026-04-30 12:00:00,PURCHASE
663,663,73,2026-05-20 12:00:00,PURCHASE
664,664,73,2026-05-20 12:00:00,PURCHASE
665,665,73,2026-05-20 12:00:00,PURCHASE
666,666,104,2026-05-06 12:00:00,PURCHASE
667,667,52,2026-05-19 12:00:00,PURCHASE
668,668,52,2026-05-19 12:00:00,PURCHASE
669,669,52,2026-05-19 12:00:00,PURCHASE
670,670,52,2026-05-19 12:00:00,PURCHASE
671,671,90,2026-04-23 12:00:00,PURCHASE
672,672,90,2026-04-23 12:00:00,PURCHASE
673,673,47,2026-05-02 12:00:00,PURCHASE
674,674,47,2026-05-02 12:00:00,PURCHASE
675,675,43,2026-05-13 12:00:00,PURCHASE
676,676,10,2026-05-22 12:00:00,PURCHASE
677,677,10,2026-05-22 12:00:00,PURCHASE
678,678,83,2026-05-09 12:00:00,PURCHASE
679,679,62,2026-05-17 12:00:00,PURCHASE
680,680,22,2026-05-15 12:00:00,PURCHASE
681,681,22,2026-05-15 12:00:00,PURCHASE
682,682,14,2026-05-14 12:00:00,PURCHASE
683,683,80,2026-05-04 12:00:00,PURCHASE
684,684,80,2026-05-04 12:00:00,PURCHASE
685,685,77,2026-05-06 12:00:00,PURCHASE
686,686,77,2026-05-06 12:00:00,PURCHASE
687,687,77,2026-05-06 12:00:00,PURCHASE
688,688,84,2026-05-01 12:00:00,PURCHASE
689,689,84,2026-05-01 12:00:00,PURCHASE
690,690,84,2026-05-01 12:00:00,PURCHASE
691,691,84,2026-05-01 12:00:00,PURCHASE
692,692,24,2026-05-08 12:00:00,PURCHASE
693,693,24,2026-05-08 12:00:00,PURCHASE
694,694,40,2026-04-26 12:00:00,PURCHASE
695,695,40,2026-04-26 12:00:00,PURCHASE
696,696,40,2026-04-26 12:00:00,PURCHASE
697,697,16,2026-05-21 12:00:00,PURCHASE
698,698,16,2026-05-21 12:00:00,PURCHASE
699,699,16,2026-05-21 12:00:00,PURCHASE
700,700,16,2026-05-21 12:00:00,PURCHASE
701,701,85,2026-05-17 12:00:00,PURCHASE
702,702,85,2026-05-17 12:00:00,PURCHASE
703,703,23,2026-05-05 12:00:00,PURCHASE
704,704,50,2026-05-14 12:00:00,PURCHASE
705,705,31,2026-05-02 12:00:00,PURCHASE
706,706,31,2026-05-02 12:00:00,PURCHASE
707,707,31,2026-05-02 12:00:00,PURCHASE
708,708,17,2026-04-28 12:00:00,PURCHASE
709,709,61,2026-05-22 12:00:00,PURCHASE
710,710,61,2026-05-22 12:00:00,PURCHASE
711,711,110,2026-05-11 12:00:00,PURCHASE
712,712,110,2026-05-11 12:00:00,PURCHASE
713,713,73,2026-04-26 12:00:00,PURCHASE
714,714,39,2026-05-17 12:00:00,PURCHASE
715,715,37,2026-05-11 12:00:00,PURCHASE
716,716,26,2026-05-16 12:00:00,PURCHASE
717,717,26,2026-05-16 12:00:00,PURCHASE
718,718,26,2026-05-16 12:00:00,PURCHASE
719,719,26,2026-05-16 12:00:00,PURCHASE
720,720,52,2026-04-28 12:00:00,PURCHASE
721,721,52,2026-04-28 12:00:00,PURCHASE
722,722,109,2026-05-04 12:00:00,PURCHASE
723,723,109,2026-05-04 12:00:00,PURCHASE
724,724,109,2026-05-04 12:00:00,PURCHASE
725,725,49,2026-05-05 12:00:00,PURCHASE
726,726,49,2026-05-05 12:00:00,PURCHASE
727,727,116,2026-05-12 12:00:00,PURCHASE
728,728,7,2026-05-18 12:00:00,PURCHASE
729,729,7,2026-05-18 12:00:00,PURCHASE
730,730,7,2026-05-18 12:00:00,PURCHASE
731,731,7,2026-05-18 12:00:00,PURCHASE
732,732,115,2026-05-06 12:00:00,PURCHASE
733,733,115,2026-05-06 12:00:00,PURCHASE
734,734,115,2026-05-06 12:00:00,PURCHASE
735,735,115,2026-05-06 12:00:00,PURCHASE
736,736,9,2026-04-24 12:00:00,PURCHASE
737,737,9,2026-04-24 12:00:00,PURCHASE
738,738,9,2026-04-24 12:00:00,PURCHASE
739,739,116,2026-05-02 12:00:00,PURCHASE
740,740,116,2026-05-02 12:00:00,PURCHASE
741,741,116,2026-05-02 12:00:00,PURCHASE
742,742,52,2026-05-19 12:00:00,PURCHASE
743,743,52,2026-05-19 12:00:00,PURCHASE
744,744,52,2026-05-19 12:00:00,PURCHASE
745,745,95,2026-05-02 12:00:00,PURCHASE
746,746,86,2026-05-11 12:00:00,PURCHASE
747,747,15,2026-05-17 12:00:00,PURCHASE
748,748,37,2026-05-05 12:00:00,PURCHASE
749,749,37,2026-05-05 12:00:00,PURCHASE
750,750,59,2026-04-23 12:00:00,PURCHASE
751,751,59,2026-04-23 12:00:00,PURCHASE
752,752,59,2026-04-23 12:00:00,PURCHASE
753,753,77,2026-05-03 12:00:00,PURCHASE
754,754,78,2026-05-20 12:00:00,PURCHASE
755,755,32,2026-05-17 12:00:00,PURCHASE
756,756,76,2026-04-25 12:00:00,PURCHASE
757,757,76,2026-04-25 12:00:00,PURCHASE
758,758,76,2026-04-25 12:00:00,PURCHASE
759,759,76,2026-04-25 12:00:00,PURCHASE
760,760,72,2026-05-21 12:00:00,PURCHASE
761,761,83,2026-05-11 12:00:00,PURCHASE
762,762,69,2026-05-02 12:00:00,PURCHASE
763,763,109,2026-05-07 12:00:00,PURCHASE
764,764,109,2026-05-07 12:00:00,PURCHASE
765,765,83,2026-05-03 12:00:00,PURCHASE
766,766,30,2026-05-04 12:00:00,PURCHASE
767,767,30,2026-05-17 12:00:00,PURCHASE
768,768,30,2026-05-17 12:00:00,PURCHASE
769,769,30,2026-05-17 12:00:00,PURCHASE
770,770,97,2026-05-18 12:00:00,PURCHASE
771,771,97,2026-05-18 12:00:00,PURCHASE
772,772,97,2026-05-18 12:00:00,PURCHASE
773,773,68,2026-05-07 12:00:00,PURCHASE
774,774,52,2026-05-17 12:00:00,PURCHASE
775,775,52,2026-05-17 12:00:00,PURCHASE
776,776,62,2026-04-30 12:00:00,PURCHASE
777,777,99,2026-05-21 12:00:00,PURCHASE
778,778,99,2026-05-21 12:00:00,PURCHASE
779,779,113,2026-04-27 12:00:00,PURCHASE
780,780,113,2026-04-27 12:00:00,PURCHASE
781,781,113,2026-04-27 12:00:00,PURCHASE
782,782,20,2026-05-01 12:00:00,PURCHASE
783,783,20,2026-05-01 12:00:00,PURCHASE
784,784,19,2026-05-08 12:00:00,PURCHASE
785,785,19,2026-05-08 12:00:00,PURCHASE
786,786,19,2026-05-08 12:00:00,PURCHASE
787,787,19,2026-05-08 12:00:00,PURCHASE
788,788,7,2026-05-08 12:00:00,PURCHASE
789,789,7,2026-05-08 12:00:00,PURCHASE
790,790,49,2026-05-02 12:00:00,PURCHASE
791,791,49,2026-05-02 12:00:00,PURCHASE
792,792,49,2026-05-02 12:00:00,PURCHASE
793,793,27,2026-05-20 12:00:00,PURCHASE
794,794,27,2026-05-20 12:00:00,PURCHASE
795,795,52,2026-05-21 12:00:00,PURCHASE
796,796,82,2026-05-22 12:00:00,PURCHASE
797,797,10,2026-05-02 12:00:00,PURCHASE
798,798,10,2026-05-02 12:00:00,PURCHASE
799,799,10,2026-05-02 12:00:00,PURCHASE
800,800,10,2026-05-02 12:00:00,PURCHASE
801,801,95,2026-05-18 12:00:00,PURCHASE
802,802,95,2026-05-18 12:00:00,PURCHASE
803,803,95,2026-05-18 12:00:00,PURCHASE
804,804,71,2026-05-15 12:00:00,PURCHASE
805,805,56,2026-04-28 12:00:00,PURCHASE
806,806,56,2026-04-28 12:00:00,PURCHASE
807,807,64,2026-05-10 12:00:00,PURCHASE
808,808,64,2026-05-10 12:00:00,PURCHASE
809,809,64,2026-05-10 12:00:00,PURCHASE
810,810,64,2026-05-10 12:00:00,PURCHASE
811,811,10,2026-05-17 12:00:00,PURCHASE
812,812,10,2026-05-17 12:00:00,PURCHASE
813,813,10,2026-05-17 12:00:00,PURCHASE
814,814,10,2026-05-17 12:00:00,PURCHASE
815,815,68,2026-05-21 12:00:00,PURCHASE
816,816,68,2026-05-21 12:00:00,PURCHASE
817,817,57,2026-05-09 12:00:00,PURCHASE
818,818,57,2026-05-09 12:00:00,PURCHASE
819,819,71,2026-05-07 12:00:00,PURCHASE
820,820,71,2026-05-07 12:00:00,PURCHASE
821,821,113,2026-04-30 12:00:00,PURCHASE
822,822,113,2026-04-30 12:00:00,PURCHASE
823,823,111,2026-04-23 12:00:00,PURCHASE
824,824,111,2026-04-23 12:00:00,PURCHASE
825,825,111,2026-04-23 12:00:00,PURCHASE
826,826,115,2026-05-01 12:00:00,PURCHASE
827,827,115,2026-05-01 12:00:00,PURCHASE
828,828,51,2026-05-16 12:00:00,PURCHASE
829,829,51,2026-05-16 12:00:00,PURCHASE
830,830,69,2026-05-18 12:00:00,PURCHASE
831,831,69,2026-05-18 12:00:00,PURCHASE
832,832,69,2026-05-18 12:00:00,PURCHASE
833,833,69,2026-05-18 12:00:00,PURCHASE
834,834,102,2026-05-16 12:00:00,PURCHASE
835,835,102,2026-05-16 12:00:00,PURCHASE
836,836,102,2026-05-16 12:00:00,PURCHASE
837,837,102,2026-05-16 12:00:00,PURCHASE
838,838,59,2026-05-04 12:00:00,PURCHASE
839,839,59,2026-05-04 12:00:00,PURCHASE
840,840,67,2026-04-27 12:00:00,PURCHASE
841,841,67,2026-04-27 12:00:00,PURCHASE
842,842,44,2026-05-10 12:00:00,PURCHASE
843,843,44,2026-05-10 12:00:00,PURCHASE
844,844,41,2026-01-06 12:00:00,PURCHASE
845,845,41,2026-01-06 12:00:00,PURCHASE
846,846,41,2026-01-06 12:00:00,PURCHASE
847,847,106,2026-01-08 12:00:00,PURCHASE
848,848,47,2026-02-01 12:00:00,PURCHASE
849,849,47,2026-02-01 12:00:00,PURCHASE
850,850,47,2026-02-01 12:00:00,PURCHASE
851,851,47,2026-02-01 12:00:00,PURCHASE
852,852,23,2026-01-16 12:00:00,PURCHASE
853,853,23,2026-01-16 12:00:00,PURCHASE
854,854,23,2026-01-16 12:00:00,PURCHASE
855,855,23,2026-01-16 12:00:00,PURCHASE
856,856,35,2026-01-22 12:00:00,PURCHASE
857,857,35,2026-01-22 12:00:00,PURCHASE
858,858,35,2026-01-22 12:00:00,PURCHASE
859,859,89,2026-01-26 12:00:00,PURCHASE
860,860,89,2026-01-26 12:00:00,PURCHASE
861,861,89,2026-01-26 12:00:00,PURCHASE
862,862,49,2026-02-01 12:00:00,PURCHASE
863,863,49,2026-02-01 12:00:00,PURCHASE
864,864,49,2026-02-01 12:00:00,PURCHASE
865,865,49,2026-02-01 12:00:00,PURCHASE
866,866,66,2026-01-30 12:00:00,PURCHASE
867,867,27,2026-02-04 12:00:00,PURCHASE
868,868,27,2026-02-04 12:00:00,PURCHASE
869,869,27,2026-02-04 12:00:00,PURCHASE
870,870,111,2026-01-09 12:00:00,PURCHASE
871,871,111,2026-01-09 12:00:00,PURCHASE
872,872,111,2026-01-09 12:00:00,PURCHASE
873,873,111,2026-01-09 12:00:00,PURCHASE
874,874,59,2026-01-06 12:00:00,PURCHASE
875,875,44,2026-01-25 12:00:00,PURCHASE
876,876,44,2026-01-25 12:00:00,PURCHASE
877,877,44,2026-01-25 12:00:00,PURCHASE
878,878,44,2026-01-25 12:00:00,PURCHASE
879,879,53,2026-02-03 12:00:00,PURCHASE
880,880,53,2026-02-03 12:00:00,PURCHASE
881,881,53,2026-02-03 12:00:00,PURCHASE
882,882,50,2026-01-06 12:00:00,PURCHASE
883,883,50,2026-01-06 12:00:00,PURCHASE
884,884,50,2026-01-06 12:00:00,PURCHASE
885,885,50,2026-01-06 12:00:00,PURCHASE
886,886,109,2026-01-10 12:00:00,PURCHASE
887,887,50,2026-01-18 12:00:00,PURCHASE
888,888,50,2026-01-18 12:00:00,PURCHASE
889,889,50,2026-01-18 12:00:00,PURCHASE
890,890,50,2026-01-18 12:00:00,PURCHASE
891,891,62,2026-01-10 12:00:00,PURCHASE
892,892,62,2026-01-10 12:00:00,PURCHASE
893,893,62,2026-01-10 12:00:00,PURCHASE
894,894,62,2026-01-10 12:00:00,PURCHASE
895,895,30,2026-01-21 12:00:00,PURCHASE
896,896,30,2026-01-21 12:00:00,PURCHASE
897,897,69,2026-01-12 12:00:00,PURCHASE
898,898,35,2026-01-14 12:00:00,PURCHASE
899,899,103,2026-01-13 12:00:00,PURCHASE
900,900,84,2026-01-25 12:00:00,PURCHASE
901,901,84,2026-01-25 12:00:00,PURCHASE
902,902,36,2026-01-19 12:00:00,PURCHASE
903,903,36,2026-01-19 12:00:00,PURCHASE
904,904,36,2026-01-19 12:00:00,PURCHASE
905,905,36,2026-01-19 12:00:00,PURCHASE
906,906,14,2026-01-11 12:00:00,PURCHASE
907,907,14,2026-01-11 12:00:00,PURCHASE
908,908,14,2026-01-11 12:00:00,PURCHASE
909,909,51,2026-01-08 12:00:00,PURCHASE
910,910,51,2026-01-08 12:00:00,PURCHASE
911,911,48,2026-01-11 12:00:00,PURCHASE
912,912,48,2026-01-11 12:00:00,PURCHASE
913,913,95,2026-01-15 12:00:00,PURCHASE
914,914,95,2026-01-15 12:00:00,PURCHASE
915,915,95,2026-01-15 12:00:00,PURCHASE
916,916,95,2026-01-15 12:00:00,PURCHASE
917,917,81,2026-01-15 12:00:00,PURCHASE
918,918,81,2026-01-15 12:00:00,PURCHASE
919,919,81,2026-01-15 12:00:00,PURCHASE
920,920,81,2026-01-15 12:00:00,PURCHASE
921,921,65,2026-01-30 12:00:00,PURCHASE
922,922,65,2026-01-30 12:00:00,PURCHASE
923,923,65,2026-01-30 12:00:00,PURCHASE
924,924,59,2026-01-07 12:00:00,PURCHASE
925,925,59,2026-01-07 12:00:00,PURCHASE
926,926,59,2026-01-07 12:00:00,PURCHASE
927,927,59,2026-01-07 12:00:00,PURCHASE
928,928,57,2026-01-21 12:00:00,PURCHASE
929,929,57,2026-01-21 12:00:00,PURCHASE
930,930,57,2026-01-21 12:00:00,PURCHASE
931,931,57,2026-01-21 12:00:00,PURCHASE
932,932,70,2026-01-27 12:00:00,PURCHASE
933,933,70,2026-01-27 12:00:00,PURCHASE
934,934,25,2026-01-29 12:00:00,PURCHASE
935,935,25,2026-01-29 12:00:00,PURCHASE
936,936,25,2026-01-29 12:00:00,PURCHASE
937,937,32,2026-01-25 12:00:00,PURCHASE
938,938,32,2026-01-25 12:00:00,PURCHASE
939,939,67,2026-01-18 12:00:00,PURCHASE
940,940,43,2026-01-16 12:00:00,PURCHASE
941,941,69,2026-01-19 12:00:00,PURCHASE
942,942,69,2026-01-19 12:00:00,PURCHASE
943,943,35,2026-01-13 12:00:00,PURCHASE
944,944,35,2026-01-13 12:00:00,PURCHASE
945,945,35,2026-01-13 12:00:00,PURCHASE
946,946,35,2026-01-13 12:00:00,PURCHASE
947,947,31,2026-01-24 12:00:00,PURCHASE
948,948,90,2026-01-20 12:00:00,PURCHASE
949,949,90,2026-01-20 12:00:00,PURCHASE
950,950,90,2026-01-20 12:00:00,PURCHASE
951,951,90,2026-01-20 12:00:00,PURCHASE
952,952,62,2026-01-15 12:00:00,PURCHASE
953,953,62,2026-01-15 12:00:00,PURCHASE
954,954,62,2026-01-15 12:00:00,PURCHASE
955,955,62,2026-01-15 12:00:00,PURCHASE
956,956,109,2026-01-15 12:00:00,PURCHASE
957,957,109,2026-01-15 12:00:00,PURCHASE
958,958,109,2026-01-15 12:00:00,PURCHASE
959,959,17,2026-01-12 12:00:00,PURCHASE
960,960,94,2026-01-13 12:00:00,PURCHASE
961,961,94,2026-01-13 12:00:00,PURCHASE
962,962,94,2026-01-13 12:00:00,PURCHASE
963,963,93,2026-01-08 12:00:00,PURCHASE
964,964,11,2026-02-02 12:00:00,PURCHASE
965,965,68,2026-02-03 12:00:00,PURCHASE
966,966,92,2026-01-17 12:00:00,PURCHASE
967,967,92,2026-01-17 12:00:00,PURCHASE
968,968,92,2026-01-17 12:00:00,PURCHASE
969,969,46,2026-01-26 12:00:00,PURCHASE
970,970,60,2026-01-15 12:00:00,PURCHASE
971,971,60,2026-01-15 12:00:00,PURCHASE
972,972,60,2026-01-15 12:00:00,PURCHASE
973,973,100,2026-01-28 12:00:00,PURCHASE
974,974,29,2026-01-31 12:00:00,PURCHASE
975,975,29,2026-01-31 12:00:00,PURCHASE
976,976,60,2026-01-14 12:00:00,PURCHASE
977,977,60,2026-01-14 12:00:00,PURCHASE
978,978,89,2026-01-22 12:00:00,PURCHASE
979,979,89,2026-01-22 12:00:00,PURCHASE
980,980,89,2026-01-22 12:00:00,PURCHASE
981,981,9,2026-01-27 12:00:00,PURCHASE
982,982,9,2026-01-27 12:00:00,PURCHASE
983,983,9,2026-01-27 12:00:00,PURCHASE
984,984,14,2026-01-22 12:00:00,PURCHASE
985,985,14,2026-01-22 12:00:00,PURCHASE
986,986,108,2026-01-28 12:00:00,PURCHASE
987,987,108,2026-01-28 12:00:00,PURCHASE
988,988,108,2026-01-28 12:00:00,PURCHASE
989,989,30,2026-01-14 12:00:00,PURCHASE
990,990,30,2026-01-14 12:00:00,PURCHASE
991,991,30,2026-01-14 12:00:00,PURCHASE
992,992,30,2026-01-14 12:00:00,PURCHASE
993,993,109,2026-01-12 12:00:00,PURCHASE
994,994,94,2026-01-07 12:00:00,PURCHASE
995,995,115,2026-01-24 12:00:00,PURCHASE
996,996,115,2026-01-24 12:00:00,PURCHASE
997,997,115,2026-01-24 12:00:00,PURCHASE
998,998,115,2026-01-24 12:00:00,PURCHASE
999,999,58,2026-01-12 12:00:00,PURCHASE
1000,1000,58,2026-01-12 12:00:00,PURCHASE
1001,1001,19,2026-01-22 12:00:00,PURCHASE
1002,1002,19,2026-01-22 12:00:00,PURCHASE
1003,1003,102,2026-01-07 12:00:00,PURCHASE
1004,1004,116,2026-01-24 12:00:00,PURCHASE
1005,1005,116,2026-01-24 12:00:00,PURCHASE
1006,1006,116,2026-01-24 12:00:00,PURCHASE
1007,1007,116,2026-01-24 12:00:00,PURCHASE
1008,1008,30,2026-01-09 12:00:00,PURCHASE
1009,1009,30,2026-01-09 12:00:00,PURCHASE
1010,1010,30,2026-01-09 12:00:00,PURCHASE
1011,1011,20,2026-01-16 12:00:00,PURCHASE
1012,1012,20,2026-01-16 12:00:00,PURCHASE
1013,1013,73,2026-01-14 12:00:00,PURCHASE
1014,1014,73,2026-01-14 12:00:00,PURCHASE
1015,1015,38,2026-01-24 12:00:00,PURCHASE
1016,1016,38,2026-01-24 12:00:00,PURCHASE
1017,1017,38,2026-01-24 12:00:00,PURCHASE
1018,1018,10,2026-01-14 12:00:00,PURCHASE
1019,1019,99,2026-01-07 12:00:00,PURCHASE
1020,1020,99,2026-01-07 12:00:00,PURCHASE
1021,1021,99,2026-01-07 12:00:00,PURCHASE
1022,1022,43,2026-01-26 12:00:00,PURCHASE
1023,1023,43,2026-01-26 12:00:00,PURCHASE
1024,1024,43,2026-01-26 12:00:00,PURCHASE
1025,1025,43,2026-01-26 12:00:00,PURCHASE
1026,1026,99,2026-01-24 12:00:00,PURCHASE
1027,1027,99,2026-01-24 12:00:00,PURCHASE
1028,1028,66,2026-01-15 12:00:00,PURCHASE
1029,1029,81,2026-02-01 12:00:00,PURCHASE
1030,1030,81,2026-02-01 12:00:00,PURCHASE
1031,1031,81,2026-02-01 12:00:00,PURCHASE
1032,1032,81,2026-02-01 12:00:00,PURCHASE
1033,1033,47,2026-01-29 12:00:00,PURCHASE
1034,1034,47,2026-01-29 12:00:00,PURCHASE
1035,1035,47,2026-01-29 12:00:00,PURCHASE
1036,1036,47,2026-01-29 12:00:00,PURCHASE
1037,1037,52,2026-01-23 12:00:00,PURCHASE
1038,1038,52,2026-01-23 12:00:00,PURCHASE
1039,1039,52,2026-01-23 12:00:00,PURCHASE
1040,1040,52,2026-01-23 12:00:00,PURCHASE
1041,1041,104,2026-01-18 12:00:00,PURCHASE
1042,1042,104,2026-01-18 12:00:00,PURCHASE
1043,1043,104,2026-01-18 12:00:00,PURCHASE
1044,1044,91,2026-01-31 12:00:00,PURCHASE
1045,1045,91,2026-01-31 12:00:00,PURCHASE
1046,1046,91,2026-01-31 12:00:00,PURCHASE
1047,1047,115,2026-01-22 12:00:00,PURCHASE
1048,1048,18,2026-01-28 12:00:00,PURCHASE
1049,1049,18,2026-01-28 12:00:00,PURCHASE
1050,1050,18,2026-01-28 12:00:00,PURCHASE
1051,1051,29,2026-01-22 12:00:00,PURCHASE
1052,1052,29,2026-01-22 12:00:00,PURCHASE
1053,1053,37,2026-01-24 12:00:00,PURCHASE
1054,1054,37,2026-01-24 12:00:00,PURCHASE
1055,1055,37,2026-01-24 12:00:00,PURCHASE
1056,1056,37,2026-01-24 12:00:00,PURCHASE
1057,1057,53,2026-01-23 12:00:00,PURCHASE
1058,1058,88,2026-01-17 12:00:00,PURCHASE
1059,1059,88,2026-01-17 12:00:00,PURCHASE
1060,1060,88,2026-01-17 12:00:00,PURCHASE
1061,1061,88,2026-01-17 12:00:00,PURCHASE
1062,1062,62,2026-01-27 12:00:00,PURCHASE
1063,1063,108,2026-01-17 12:00:00,PURCHASE
1064,1064,108,2026-01-17 12:00:00,PURCHASE
1065,1065,108,2026-01-17 12:00:00,PURCHASE
1066,1066,28,2026-01-07 12:00:00,PURCHASE
1067,1067,28,2026-01-07 12:00:00,PURCHASE
1068,1068,116,2026-01-19 12:00:00,PURCHASE
1069,1069,116,2026-01-19 12:00:00,PURCHASE
1070,1070,116,2026-01-19 12:00:00,PURCHASE
1071,1071,62,2026-01-13 12:00:00,PURCHASE
1072,1072,59,2026-02-01 12:00:00,PURCHASE
1073,1073,59,2026-02-01 12:00:00,PURCHASE
1074,1074,59,2026-02-01 12:00:00,PURCHASE
1075,1075,59,2026-02-01 12:00:00,PURCHASE
1076,1076,38,2026-01-12 12:00:00,PURCHASE
1077,1077,9,2026-01-20 12:00:00,PURCHASE
1078,1078,9,2026-01-20 12:00:00,PURCHASE
1079,1079,116,2026-02-02 12:00:00,PURCHASE
1080,1080,116,2026-02-02 12:00:00,PURCHASE
1081,1081,116,2026-02-02 12:00:00,PURCHASE
1082,1082,77,2026-02-04 12:00:00,PURCHASE
1083,1083,77,2026-02-04 12:00:00,PURCHASE
1084,1084,77,2026-02-04 12:00:00,PURCHASE
1085,1085,77,2026-02-04 12:00:00,PURCHASE
1086,1086,77,2026-01-17 12:00:00,PURCHASE
1087,1087,77,2026-01-17 12:00:00,PURCHASE
1088,1088,77,2026-01-17 12:00:00,PURCHASE
1089,1089,77,2026-01-17 12:00:00,PURCHASE
1090,1090,11,2026-01-28 12:00:00,PURCHASE
1091,1091,11,2026-01-28 12:00:00,PURCHASE
1092,1092,11,2026-01-28 12:00:00,PURCHASE
1093,1093,11,2026-01-28 12:00:00,PURCHASE
1094,1094,51,2026-01-21 12:00:00,PURCHASE
1095,1095,51,2026-01-21 12:00:00,PURCHASE
1096,1096,39,2026-02-01 12:00:00,PURCHASE
1097,1097,39,2026-02-01 12:00:00,PURCHASE
1098,1098,39,2026-02-01 12:00:00,PURCHASE
1099,1099,78,2026-01-23 12:00:00,PURCHASE
1100,1100,78,2026-01-23 12:00:00,PURCHASE
1101,1101,78,2026-01-23 12:00:00,PURCHASE
1102,1102,78,2026-01-23 12:00:00,PURCHASE
1103,1103,92,2026-01-29 12:00:00,PURCHASE
1104,1104,92,2026-01-29 12:00:00,PURCHASE
1105,1105,92,2026-01-29 12:00:00,PURCHASE
1106,1106,92,2026-01-29 12:00:00,PURCHASE
1107,1107,108,2026-01-11 12:00:00,PURCHASE
1108,1108,108,2026-01-11 12:00:00,PURCHASE
1109,1109,96,2026-01-31 12:00:00,PURCHASE
1110,1110,31,2026-01-13 12:00:00,PURCHASE
1111,1111,31,2026-01-13 12:00:00,PURCHASE
1112,1112,31,2026-01-13 12:00:00,PURCHASE
1113,1113,48,2026-01-27 12:00:00,PURCHASE
1114,1114,48,2026-01-27 12:00:00,PURCHASE
1115,1115,64,2026-01-08 12:00:00,PURCHASE
1116,1116,64,2026-01-08 12:00:00,PURCHASE
1117,1117,93,2026-01-13 12:00:00,PURCHASE
1118,1118,93,2026-01-13 12:00:00,PURCHASE
1119,1119,83,2026-02-03 12:00:00,PURCHASE
1120,1120,83,2026-02-03 12:00:00,PURCHASE
1121,1121,83,2026-02-03 12:00:00,PURCHASE
1122,1122,83,2026-02-03 12:00:00,PURCHASE
1123,1123,103,2026-01-17 12:00:00,PURCHASE
1124,1124,103,2026-01-17 12:00:00,PURCHASE
1125,1125,98,2026-01-14 12:00:00,PURCHASE
1126,1126,98,2026-01-14 12:00:00,PURCHASE
1127,1127,98,2026-01-14 12:00:00,PURCHASE
1128,1128,65,2026-01-13 12:00:00,PURCHASE
1129,1129,22,2026-01-14 12:00:00,PURCHASE
1130,1130,41,2026-01-13 12:00:00,PURCHASE
1131,1131,106,2026-02-04 12:00:00,PURCHASE
1132,1132,106,2026-02-04 12:00:00,PURCHASE
1133,1133,106,2026-02-04 12:00:00,PURCHASE
1134,1134,36,2026-01-21 12:00:00,PURCHASE
1135,1135,36,2026-01-21 12:00:00,PURCHASE
1136,1136,33,2026-01-22 12:00:00,PURCHASE
1137,1137,33,2026-01-22 12:00:00,PURCHASE
1138,1138,33,2026-01-22 12:00:00,PURCHASE
1139,1139,33,2026-01-22 12:00:00,PURCHASE
1140,1140,60,2026-02-01 12:00:00,PURCHASE
1141,1141,100,2026-01-12 12:00:00,PURCHASE
1142,1142,100,2026-01-12 12:00:00,PURCHASE
1143,1143,100,2026-01-12 12:00:00,PURCHASE
1144,1144,107,2026-02-02 12:00:00,PURCHASE
1145,1145,107,2026-02-02 12:00:00,PURCHASE
1146,1146,68,2026-02-02 12:00:00,PURCHASE
1147,1147,68,2026-02-02 12:00:00,PURCHASE
1148,1148,74,2026-01-24 12:00:00,PURCHASE
1149,1149,44,2026-01-07 12:00:00,PURCHASE
1150,1150,44,2026-01-07 12:00:00,PURCHASE
1151,1151,44,2026-01-07 12:00:00,PURCHASE
1152,1152,44,2026-01-07 12:00:00,PURCHASE
1153,1153,89,2026-01-24 12:00:00,PURCHASE
1154,1154,89,2026-01-24 12:00:00,PURCHASE
1155,1155,89,2026-01-24 12:00:00,PURCHASE
1156,1156,48,2026-01-25 12:00:00,PURCHASE
1157,1157,60,2026-01-25 12:00:00,PURCHASE
1158,1158,60,2026-01-25 12:00:00,PURCHASE
1159,1159,60,2026-01-25 12:00:00,PURCHASE
1160,1160,109,2026-01-22 12:00:00,PURCHASE
1161,1161,109,2026-01-22 12:00:00,PURCHASE
1162,1162,109,2026-01-22 12:00:00,PURCHASE
1163,1163,75,2026-01-08 12:00:00,PURCHASE
1164,1164,75,2026-01-08 12:00:00,PURCHASE
1165,1165,26,2026-01-15 12:00:00,PURCHASE
1166,1166,26,2026-01-15 12:00:00,PURCHASE
1167,1167,26,2026-01-15 12:00:00,PURCHASE
1168,1168,64,2026-01-15 12:00:00,PURCHASE
1169,1169,95,2026-01-14 12:00:00,PURCHASE
1170,1170,95,2026-01-14 12:00:00,PURCHASE
1171,1171,46,2026-01-26 12:00:00,PURCHASE
1172,1172,46,2026-01-26 12:00:00,PURCHASE
1173,1173,46,2026-01-26 12:00:00,PURCHASE
1174,1174,46,2026-01-26 12:00:00,PURCHASE
1175,1175,63,2026-01-12 12:00:00,PURCHASE
1176,1176,63,2026-01-12 12:00:00,PURCHASE
1177,1177,83,2026-01-08 12:00:00,PURCHASE
1178,1178,83,2026-01-08 12:00:00,PURCHASE
1179,1179,110,2026-01-16 12:00:00,PURCHASE
1180,1180,110,2026-01-16 12:00:00,PURCHASE
1181,1181,110,2026-01-16 12:00:00,PURCHASE
1182,1182,113,2026-01-17 12:00:00,PURCHASE
1183,1183,113,2026-01-17 12:00:00,PURCHASE
1184,1184,113,2026-01-17 12:00:00,PURCHASE
1185,1185,19,2026-01-26 12:00:00,PURCHASE
1186,1186,19,2026-01-26 12:00:00,PURCHASE
1187,1187,19,2026-01-26 12:00:00,PURCHASE
1188,1188,19,2026-01-26 12:00:00,PURCHASE
1189,1189,80,2026-01-13 12:00:00,PURCHASE
1190,1190,80,2026-01-13 12:00:00,PURCHASE
1191,1191,32,2026-01-30 12:00:00,PURCHASE
1192,1192,32,2026-01-30 12:00:00,PURCHASE
1193,1193,69,2026-01-16 12:00:00,PURCHASE
1194,1194,69,2026-01-16 12:00:00,PURCHASE
1195,1195,69,2026-01-16 12:00:00,PURCHASE
1196,1196,69,2026-01-16 12:00:00,PURCHASE
1197,1197,79,2026-01-13 12:00:00,PURCHASE
1198,1198,79,2026-01-13 12:00:00,PURCHASE
1199,1199,79,2026-01-13 12:00:00,PURCHASE
1200,1200,50,2026-02-04 12:00:00,PURCHASE
1201,1201,50,2026-02-04 12:00:00,PURCHASE
1202,1202,50,2026-02-04 12:00:00,PURCHASE
1203,1203,50,2026-02-04 12:00:00,PURCHASE
1204,1204,81,2026-01-20 12:00:00,PURCHASE
1205,1205,81,2026-01-20 12:00:00,PURCHASE
1206,1206,15,2026-01-25 12:00:00,PURCHASE
1207,1207,15,2026-01-25 12:00:00,PURCHASE
1208,1208,15,2026-01-25 12:00:00,PURCHASE
1209,1209,93,2026-02-03 12:00:00,PURCHASE
1210,1210,93,2026-02-03 12:00:00,PURCHASE
1211,1211,93,2026-02-03 12:00:00,PURCHASE
1212,1212,93,2026-02-03 12:00:00,PURCHASE
1213,1213,30,2026-01-25 12:00:00,PURCHASE
1214,1214,30,2026-01-25 12:00:00,PURCHASE
1215,1215,30,2026-01-25 12:00:00,PURCHASE
1216,1216,10,2026-02-03 12:00:00,PURCHASE
1217,1217,10,2026-02-03 12:00:00,PURCHASE
1218,1218,10,2026-02-03 12:00:00,PURCHASE
1219,1219,27,2026-01-29 12:00:00,PURCHASE
1220,1220,27,2026-01-29 12:00:00,PURCHASE
1221,1221,27,2026-01-29 12:00:00,PURCHASE
1222,1222,27,2026-01-29 12:00:00,PURCHASE
1223,1223,92,2026-01-22 12:00:00,PURCHASE
1224,1224,92,2026-01-22 12:00:00,PURCHASE
1225,1225,25,2026-01-15 12:00:00,PURCHASE
1226,1226,22,2026-01-16 12:00:00,PURCHASE
1227,1227,22,2026-01-16 12:00:00,PURCHASE
1228,1228,22,2026-01-16 12:00:00,PURCHASE
1229,1229,22,2026-01-16 12:00:00,PURCHASE
1230,1230,16,2026-01-21 12:00:00,PURCHASE
1231,1231,16,2026-01-21 12:00:00,PURCHASE
1232,1232,16,2026-01-21 12:00:00,PURCHASE
1233,1233,16,2026-01-21 12:00:00,PURCHASE
1234,1234,7,2026-01-19 12:00:00,PURCHASE
1235,1235,7,2026-01-19 12:00:00,PURCHASE
1236,1236,75,2026-01-22 12:00:00,PURCHASE
1237,1237,45,2026-01-14 12:00:00,PURCHASE
1238,1238,45,2026-01-14 12:00:00,PURCHASE
1239,1239,45,2026-01-14 12:00:00,PURCHASE
1240,1240,45,2026-01-14 12:00:00,PURCHASE
1241,1241,102,2026-01-25 12:00:00,PURCHASE
1242,1242,67,2026-01-24 12:00:00,PURCHASE
1243,1243,107,2026-01-11 12:00:00,PURCHASE
1244,1244,107,2026-01-11 12:00:00,PURCHASE
1245,1245,107,2026-01-11 12:00:00,PURCHASE
1246,1246,107,2026-01-11 12:00:00,PURCHASE
1247,1247,91,2026-01-09 12:00:00,PURCHASE
1248,1248,91,2026-01-09 12:00:00,PURCHASE
1249,1249,91,2026-01-09 12:00:00,PURCHASE
1250,1250,91,2026-01-09 12:00:00,PURCHASE
1251,1251,115,2026-01-12 12:00:00,PURCHASE
1252,1252,115,2026-01-12 12:00:00,PURCHASE
1253,1253,115,2026-01-12 12:00:00,PURCHASE
1254,1254,115,2026-01-12 12:00:00,PURCHASE
1255,1255,17,2026-01-09 12:00:00,PURCHASE
1256,1256,17,2026-01-09 12:00:00,PURCHASE
1257,1257,17,2026-01-09 12:00:00,PURCHASE
1258,1258,17,2026-01-09 12:00:00,PURCHASE
1259,1259,82,2026-01-08 12:00:00,PURCHASE
1260,1260,72,2026-01-30 12:00:00,PURCHASE
1261,1261,72,2026-01-30 12:00:00,PURCHASE
1262,1262,72,2026-01-30 12:00:00,PURCHASE
1263,1263,57,2026-01-30 12:00:00,PURCHASE
1264,1264,57,2026-01-30 12:00:00,PURCHASE
1265,1265,57,2026-01-30 12:00:00,PURCHASE
1266,1266,57,2026-01-30 12:00:00,PURCHASE
1267,1267,14,2026-01-08 12:00:00,PURCHASE
1268,1268,46,2026-01-12 12:00:00,PURCHASE
1269,1269,46,2026-01-12 12:00:00,PURCHASE
1270,1270,46,2026-01-12 12:00:00,PURCHASE
1271,1271,50,2026-01-21 12:00:00,PURCHASE
1272,1272,50,2026-01-21 12:00:00,PURCHASE
1273,1273,50,2026-01-21 12:00:00,PURCHASE
1274,1274,50,2026-01-21 12:00:00,PURCHASE
1275,1275,48,2026-02-04 12:00:00,PURCHASE
1276,1276,80,2026-02-04 12:00:00,PURCHASE
1277,1277,80,2026-02-04 12:00:00,PURCHASE
1278,1278,80,2026-02-04 12:00:00,PURCHASE
1279,1279,80,2026-02-04 12:00:00,PURCHASE
1280,1280,91,2026-02-01 12:00:00,PURCHASE
1281,1281,91,2026-02-01 12:00:00,PURCHASE
1282,1282,65,2026-01-12 12:00:00,PURCHASE
1283,1283,65,2026-01-12 12:00:00,PURCHASE
1284,1284,39,2026-02-04 12:00:00,PURCHASE
1285,1285,68,2026-01-22 12:00:00,PURCHASE
1286,1286,15,2026-01-21 12:00:00,PURCHASE
1287,1287,15,2026-01-21 12:00:00,PURCHASE
1288,1288,15,2026-01-21 12:00:00,PURCHASE
1289,1289,15,2026-01-21 12:00:00,PURCHASE
1290,1290,46,2026-01-11 12:00:00,PURCHASE
1291,1291,46,2026-01-11 12:00:00,PURCHASE
1292,1292,46,2026-01-11 12:00:00,PURCHASE
1293,1293,32,2026-01-08 12:00:00,PURCHASE
1294,1294,99,2026-01-15 12:00:00,PURCHASE
1295,1295,99,2026-01-15 12:00:00,PURCHASE
1296,1296,74,2026-01-22 12:00:00,PURCHASE
1297,1297,74,2026-01-22 12:00:00,PURCHASE
1298,1298,74,2026-01-22 12:00:00,PURCHASE
1299,1299,114,2026-01-21 12:00:00,PURCHASE
1300,1300,114,2026-01-21 12:00:00,PURCHASE
1301,1301,114,2026-01-21 12:00:00,PURCHASE
1302,1302,80,2026-01-19 12:00:00,PURCHASE
1303,1303,26,2026-02-02 12:00:00,PURCHASE
1304,1304,26,2026-02-02 12:00:00,PURCHASE
1305,1305,26,2026-02-02 12:00:00,PURCHASE
1306,1306,26,2026-02-02 12:00:00,PURCHASE
1307,1307,99,2026-01-14 12:00:00,PURCHASE
1308,1308,99,2026-01-14 12:00:00,PURCHASE
1309,1309,99,2026-01-14 12:00:00,PURCHASE
1310,1310,99,2026-01-14 12:00:00,PURCHASE
1311,1311,74,2026-01-07 12:00:00,PURCHASE
1312,1312,74,2026-01-07 12:00:00,PURCHASE
1313,1313,74,2026-01-07 12:00:00,PURCHASE
1314,1314,69,2026-02-01 12:00:00,PURCHASE
1315,1315,69,2026-02-01 12:00:00,PURCHASE
1316,1316,69,2026-02-01 12:00:00,PURCHASE
1317,1317,69,2026-02-01 12:00:00,PURCHASE
1318,1318,28,2026-01-24 12:00:00,PURCHASE
1319,1319,28,2026-01-24 12:00:00,PURCHASE
1320,1320,28,2026-01-24 12:00:00,PURCHASE
1321,1321,28,2026-01-24 12:00:00,PURCHASE
1322,1322,98,2026-01-28 12:00:00,PURCHASE
1323,1323,98,2026-01-28 12:00:00,PURCHASE
1324,1324,111,2026-01-13 12:00:00,PURCHASE
1325,1325,111,2026-01-13 12:00:00,PURCHASE
1326,1326,111,2026-01-13 12:00:00,PURCHASE
1327,1327,111,2026-01-13 12:00:00,PURCHASE
1328,1328,55,2026-01-12 12:00:00,PURCHASE
1329,1329,55,2026-01-12 12:00:00,PURCHASE
1330,1330,55,2026-01-12 12:00:00,PURCHASE
1331,1331,42,2026-01-31 12:00:00,PURCHASE
1332,1332,42,2026-01-31 12:00:00,PURCHASE
1333,1333,42,2026-01-31 12:00:00,PURCHASE
1334,1334,107,2026-01-12 12:00:00,PURCHASE
1335,1335,107,2026-01-12 12:00:00,PURCHASE
1336,1336,107,2026-01-12 12:00:00,PURCHASE
1337,1337,107,2026-01-12 12:00:00,PURCHASE
1338,1338,22,2026-01-08 12:00:00,PURCHASE
1339,1339,22,2026-01-08 12:00:00,PURCHASE
1340,1340,22,2026-01-08 12:00:00,PURCHASE
1341,1341,22,2026-01-08 12:00:00,PURCHASE
1342,1342,18,2026-01-24 12:00:00,PURCHASE
1343,1343,18,2026-01-24 12:00:00,PURCHASE
1344,1344,36,2026-01-27 12:00:00,PURCHASE
1345,1345,36,2026-01-27 12:00:00,PURCHASE
1346,1346,45,2026-01-18 12:00:00,PURCHASE
1347,1347,45,2026-01-18 12:00:00,PURCHASE
1348,1348,45,2026-01-18 12:00:00,PURCHASE
1349,1349,45,2026-01-18 12:00:00,PURCHASE
1350,1350,64,2026-01-18 12:00:00,PURCHASE
1351,1351,64,2026-01-18 12:00:00,PURCHASE
1352,1352,22,2026-06-02 12:00:00,PURCHASE
1353,1353,66,2026-05-18 12:00:00,PURCHASE
1354,1354,66,2026-05-18 12:00:00,PURCHASE
1355,1355,24,2026-06-03 12:00:00,PURCHASE
1356,1356,24,2026-06-03 12:00:00,PURCHASE
1357,1357,24,2026-06-03 12:00:00,PURCHASE
1358,1358,24,2026-06-03 12:00:00,PURCHASE
1359,1359,23,2026-05-31 12:00:00,PURCHASE
1360,1360,68,2026-05-31 12:00:00,PURCHASE
1361,1361,68,2026-05-31 12:00:00,PURCHASE
1362,1362,68,2026-05-31 12:00:00,PURCHASE
1363,1363,72,2026-06-01 12:00:00,PURCHASE
1364,1364,78,2026-05-09 12:00:00,PURCHASE
1365,1365,78,2026-05-09 12:00:00,PURCHASE
1366,1366,78,2026-05-09 12:00:00,PURCHASE
1367,1367,107,2026-05-09 12:00:00,PURCHASE
1368,1368,107,2026-05-09 12:00:00,PURCHASE
1369,1369,107,2026-05-09 12:00:00,PURCHASE
1370,1370,24,2026-05-12 12:00:00,PURCHASE
1371,1371,23,2026-05-12 12:00:00,PURCHASE
1372,1372,23,2026-05-12 12:00:00,PURCHASE
1373,1373,23,2026-05-12 12:00:00,PURCHASE
1374,1374,45,2026-05-09 12:00:00,PURCHASE
1375,1375,45,2026-05-09 12:00:00,PURCHASE
1376,1376,35,2026-05-29 12:00:00,PURCHASE
1377,1377,35,2026-05-29 12:00:00,PURCHASE
1378,1378,35,2026-05-29 12:00:00,PURCHASE
1379,1379,35,2026-05-29 12:00:00,PURCHASE
1380,1380,48,2026-05-08 12:00:00,PURCHASE
1381,1381,48,2026-05-08 12:00:00,PURCHASE
1382,1382,48,2026-05-08 12:00:00,PURCHASE
1383,1383,48,2026-05-08 12:00:00,PURCHASE
1384,1384,54,2026-05-20 12:00:00,PURCHASE
1385,1385,54,2026-05-20 12:00:00,PURCHASE
1386,1386,83,2026-05-07 12:00:00,PURCHASE
1387,1387,83,2026-05-07 12:00:00,PURCHASE
1388,1388,90,2026-05-10 12:00:00,PURCHASE
1389,1389,90,2026-05-10 12:00:00,PURCHASE
1390,1390,94,2026-05-30 12:00:00,PURCHASE
1391,1391,94,2026-05-30 12:00:00,PURCHASE
1392,1392,94,2026-05-30 12:00:00,PURCHASE
1393,1393,94,2026-05-30 12:00:00,PURCHASE
1394,1394,27,2026-05-09 12:00:00,PURCHASE
1395,1395,27,2026-05-09 12:00:00,PURCHASE
1396,1396,27,2026-05-09 12:00:00,PURCHASE
1397,1397,115,2026-05-08 12:00:00,PURCHASE
1398,1398,115,2026-05-08 12:00:00,PURCHASE
1399,1399,16,2026-05-30 12:00:00,PURCHASE
1400,1400,16,2026-05-30 12:00:00,PURCHASE
1401,1401,16,2026-05-30 12:00:00,PURCHASE
1402,1402,16,2026-05-30 12:00:00,PURCHASE
1403,1403,89,2026-05-24 12:00:00,PURCHASE
1404,1404,63,2026-05-26 12:00:00,PURCHASE
1405,1405,63,2026-05-26 12:00:00,PURCHASE
1406,1406,63,2026-05-26 12:00:00,PURCHASE
1407,1407,26,2026-05-08 12:00:00,PURCHASE
1408,1408,26,2026-05-08 12:00:00,PURCHASE
1409,1409,43,2026-05-19 12:00:00,PURCHASE
1410,1410,43,2026-05-19 12:00:00,PURCHASE
1411,1411,43,2026-05-19 12:00:00,PURCHASE
1412,1412,10,2026-05-22 12:00:00,PURCHASE
1413,1413,84,2026-05-08 12:00:00,PURCHASE
1414,1414,84,2026-05-08 12:00:00,PURCHASE
1415,1415,84,2026-05-08 12:00:00,PURCHASE
1416,1416,84,2026-05-08 12:00:00,PURCHASE
1417,1417,26,2026-05-31 12:00:00,PURCHASE
1418,1418,26,2026-05-31 12:00:00,PURCHASE
1419,1419,26,2026-05-31 12:00:00,PURCHASE
1420,1420,26,2026-05-31 12:00:00,PURCHASE
1421,1421,84,2026-05-29 12:00:00,PURCHASE
1422,1422,84,2026-05-29 12:00:00,PURCHASE
1423,1423,84,2026-05-29 12:00:00,PURCHASE
1424,1424,40,2026-05-25 12:00:00,PURCHASE
1425,1425,40,2026-05-25 12:00:00,PURCHASE
1426,1426,40,2026-05-25 12:00:00,PURCHASE
1427,1427,40,2026-05-25 12:00:00,PURCHASE
1428,1428,73,2026-05-10 12:00:00,PURCHASE
1429,1429,73,2026-05-10 12:00:00,PURCHASE
1430,1430,73,2026-05-10 12:00:00,PURCHASE
1431,1431,114,2026-05-10 12:00:00,PURCHASE
1432,1432,114,2026-05-10 12:00:00,PURCHASE
1433,1433,114,2026-05-10 12:00:00,PURCHASE
1434,1434,116,2026-05-16 12:00:00,PURCHASE
1435,1435,116,2026-05-16 12:00:00,PURCHASE
1436,1436,104,2026-05-31 12:00:00,PURCHASE
1437,1437,104,2026-05-31 12:00:00,PURCHASE
1438,1438,104,2026-05-31 12:00:00,PURCHASE
1439,1439,104,2026-05-31 12:00:00,PURCHASE
1440,1440,81,2026-05-30 12:00:00,PURCHASE
1441,1441,81,2026-05-30 12:00:00,PURCHASE
1442,1442,81,2026-05-30 12:00:00,PURCHASE
1443,1443,81,2026-05-30 12:00:00,PURCHASE
1444,1444,72,2026-05-26 12:00:00,PURCHASE
1445,1445,72,2026-05-26 12:00:00,PURCHASE
1446,1446,72,2026-05-26 12:00:00,PURCHASE
1447,1447,65,2026-06-02 12:00:00,PURCHASE
1448,1448,65,2026-06-02 12:00:00,PURCHASE
1449,1449,87,2026-05-07 12:00:00,PURCHASE
1450,1450,87,2026-05-07 12:00:00,PURCHASE
1451,1451,87,2026-05-07 12:00:00,PURCHASE
1452,1452,41,2026-05-31 12:00:00,PURCHASE
1453,1453,41,2026-05-31 12:00:00,PURCHASE
1454,1454,41,2026-05-31 12:00:00,PURCHASE
1455,1455,41,2026-05-31 12:00:00,PURCHASE
1456,1456,32,2026-05-27 12:00:00,PURCHASE
1457,1457,23,2026-06-01 12:00:00,PURCHASE
1458,1458,25,2026-05-09 12:00:00,PURCHASE
1459,1459,27,2026-01-13 12:00:00,PURCHASE
1460,1460,27,2026-01-13 12:00:00,PURCHASE
1461,1461,27,2026-01-13 12:00:00,PURCHASE
1462,1462,27,2026-01-13 12:00:00,PURCHASE
1463,1463,43,2026-02-09 12:00:00,PURCHASE
1464,1464,43,2026-02-09 12:00:00,PURCHASE
1465,1465,43,2026-02-09 12:00:00,PURCHASE
1466,1466,43,2026-02-09 12:00:00,PURCHASE
1467,1467,90,2026-01-22 12:00:00,PURCHASE
1468,1468,90,2026-01-22 12:00:00,PURCHASE
1469,1469,90,2026-01-22 12:00:00,PURCHASE
1470,1470,36,2026-01-24 12:00:00,PURCHASE
1471,1471,88,2026-01-16 12:00:00,PURCHASE
1472,1472,87,2026-02-03 12:00:00,PURCHASE
1473,1473,87,2026-02-03 12:00:00,PURCHASE
1474,1474,49,2026-01-13 12:00:00,PURCHASE
1475,1475,49,2026-01-13 12:00:00,PURCHASE
1476,1476,49,2026-01-13 12:00:00,PURCHASE
1477,1477,49,2026-01-13 12:00:00,PURCHASE
1478,1478,73,2026-02-04 12:00:00,PURCHASE
1479,1479,60,2026-01-23 12:00:00,PURCHASE
1480,1480,60,2026-01-23 12:00:00,PURCHASE
1481,1481,69,2026-01-20 12:00:00,PURCHASE
1482,1482,69,2026-01-20 12:00:00,PURCHASE
1483,1483,69,2026-01-20 12:00:00,PURCHASE
1484,1484,69,2026-01-20 12:00:00,PURCHASE
1485,1485,116,2026-02-10 12:00:00,PURCHASE
1486,1486,116,2026-02-10 12:00:00,PURCHASE
1487,1487,116,2026-02-10 12:00:00,PURCHASE
1488,1488,28,2026-01-22 12:00:00,PURCHASE
1489,1489,28,2026-01-22 12:00:00,PURCHASE
1490,1490,28,2026-01-22 12:00:00,PURCHASE
1491,1491,28,2026-01-22 12:00:00,PURCHASE
1492,1492,44,2026-01-27 12:00:00,PURCHASE
1493,1493,44,2026-01-27 12:00:00,PURCHASE
1494,1494,22,2026-01-30 12:00:00,PURCHASE
1495,1495,22,2026-01-30 12:00:00,PURCHASE
1496,1496,68,2026-01-30 12:00:00,PURCHASE
1497,1497,68,2026-01-30 12:00:00,PURCHASE
1498,1498,40,2026-01-13 12:00:00,PURCHASE
1499,1499,40,2026-01-13 12:00:00,PURCHASE
1500,1500,40,2026-01-13 12:00:00,PURCHASE
1501,1501,40,2026-01-13 12:00:00,PURCHASE
1502,1502,7,2026-02-08 12:00:00,PURCHASE
1503,1503,95,2026-01-25 12:00:00,PURCHASE
1504,1504,101,2026-01-29 12:00:00,PURCHASE
1505,1505,84,2026-01-26 12:00:00,PURCHASE
1506,1506,84,2026-01-26 12:00:00,PURCHASE
1507,1507,84,2026-01-26 12:00:00,PURCHASE
1508,1508,84,2026-01-26 12:00:00,PURCHASE
1509,1509,9,2026-01-13 12:00:00,PURCHASE
1510,1510,9,2026-01-13 12:00:00,PURCHASE
1511,1511,9,2026-01-13 12:00:00,PURCHASE
1512,1512,30,2026-01-21 12:00:00,PURCHASE
1513,1513,99,2026-01-18 12:00:00,PURCHASE
1514,1514,99,2026-01-18 12:00:00,PURCHASE
1515,1515,56,2026-01-22 12:00:00,PURCHASE
1516,1516,72,2026-02-06 12:00:00,PURCHASE
1517,1517,72,2026-02-06 12:00:00,PURCHASE
1518,1518,82,2026-01-29 12:00:00,PURCHASE
1519,1519,56,2026-02-10 12:00:00,PURCHASE
1520,1520,56,2026-02-10 12:00:00,PURCHASE
1521,1521,56,2026-02-10 12:00:00,PURCHASE
1522,1522,44,2026-01-13 12:00:00,PURCHASE
1523,1523,44,2026-01-13 12:00:00,PURCHASE
1524,1524,44,2026-01-13 12:00:00,PURCHASE
1525,1525,44,2026-01-13 12:00:00,PURCHASE
1526,1526,110,2026-01-29 12:00:00,PURCHASE
1527,1527,110,2026-01-29 12:00:00,PURCHASE
1528,1528,110,2026-01-29 12:00:00,PURCHASE
1529,1529,62,2026-01-24 12:00:00,PURCHASE
1530,1530,62,2026-01-24 12:00:00,PURCHASE
1531,1531,64,2026-01-18 12:00:00,PURCHASE
1532,1532,64,2026-01-18 12:00:00,PURCHASE
1533,1533,64,2026-01-18 12:00:00,PURCHASE
1534,1534,64,2026-01-18 12:00:00,PURCHASE
1535,1535,105,2025-12-06 12:00:00,PURCHASE
1536,1536,111,2025-11-23 12:00:00,PURCHASE
1537,1537,111,2025-11-23 12:00:00,PURCHASE
1538,1538,111,2025-11-23 12:00:00,PURCHASE
1539,1539,111,2025-11-23 12:00:00,PURCHASE
1540,1540,72,2025-11-27 12:00:00,PURCHASE
1541,1541,72,2025-11-27 12:00:00,PURCHASE
1542,1542,30,2025-11-14 12:00:00,PURCHASE
1543,1543,30,2025-11-14 12:00:00,PURCHASE
1544,1544,30,2025-11-14 12:00:00,PURCHASE
1545,1545,44,2025-11-23 12:00:00,PURCHASE
1546,1546,44,2025-11-23 12:00:00,PURCHASE
1547,1547,65,2025-11-11 12:00:00,PURCHASE
1548,1548,65,2025-11-11 12:00:00,PURCHASE
1549,1549,65,2025-11-11 12:00:00,PURCHASE
1550,1550,65,2025-11-11 12:00:00,PURCHASE
1551,1551,17,2025-12-06 12:00:00,PURCHASE
1552,1552,17,2025-12-06 12:00:00,PURCHASE
1553,1553,17,2025-12-06 12:00:00,PURCHASE
1554,1554,17,2025-12-06 12:00:00,PURCHASE
1555,1555,65,2025-11-30 12:00:00,PURCHASE
1556,1556,65,2025-11-30 12:00:00,PURCHASE
1557,1557,60,2025-11-30 12:00:00,PURCHASE
1558,1558,60,2025-11-30 12:00:00,PURCHASE
1559,1559,60,2025-11-30 12:00:00,PURCHASE
1560,1560,29,2025-11-23 12:00:00,PURCHASE
1561,1561,29,2025-11-23 12:00:00,PURCHASE
1562,1562,10,2025-11-07 12:00:00,PURCHASE
1563,1563,114,2025-12-06 12:00:00,PURCHASE
1564,1564,114,2025-12-06 12:00:00,PURCHASE
1565,1565,25,2025-12-04 12:00:00,PURCHASE
1566,1566,25,2025-12-04 12:00:00,PURCHASE
1567,1567,25,2025-12-04 12:00:00,PURCHASE
1568,1568,25,2025-12-04 12:00:00,PURCHASE
1569,1569,28,2025-11-18 12:00:00,PURCHASE
1570,1570,28,2025-11-18 12:00:00,PURCHASE
1571,1571,22,2025-11-10 12:00:00,PURCHASE
1572,1572,22,2025-11-10 12:00:00,PURCHASE
1573,1573,22,2025-11-10 12:00:00,PURCHASE
1574,1574,73,2025-12-06 12:00:00,PURCHASE
1575,1575,38,2025-11-29 12:00:00,PURCHASE
1576,1576,51,2025-11-19 12:00:00,PURCHASE
1577,1577,51,2025-11-19 12:00:00,PURCHASE
1578,1578,51,2025-11-19 12:00:00,PURCHASE
1579,1579,7,2025-11-15 12:00:00,PURCHASE
1580,1580,7,2025-11-15 12:00:00,PURCHASE
1581,1581,7,2025-11-15 12:00:00,PURCHASE
1582,1582,27,2025-11-23 12:00:00,PURCHASE
1583,1583,27,2025-11-23 12:00:00,PURCHASE
1584,1584,27,2025-11-23 12:00:00,PURCHASE
1585,1585,25,2025-11-16 12:00:00,PURCHASE
1586,1586,25,2025-11-16 12:00:00,PURCHASE
1587,1587,46,2025-12-03 12:00:00,PURCHASE
1588,1588,46,2025-12-03 12:00:00,PURCHASE
1589,1589,46,2025-12-03 12:00:00,PURCHASE
1590,1590,46,2025-12-03 12:00:00,PURCHASE
1591,1591,90,2025-12-03 12:00:00,PURCHASE
1592,1592,90,2025-12-03 12:00:00,PURCHASE
1593,1593,90,2025-12-03 12:00:00,PURCHASE
1594,1594,90,2025-12-03 12:00:00,PURCHASE
1595,1595,105,2025-11-11 12:00:00,PURCHASE
1596,1596,105,2025-11-11 12:00:00,PURCHASE
1597,1597,65,2025-11-25 12:00:00,PURCHASE
1598,1598,49,2025-11-22 12:00:00,PURCHASE
1599,1599,49,2025-11-22 12:00:00,PURCHASE
1600,1600,49,2025-11-22 12:00:00,PURCHASE
1601,1601,115,2025-11-19 12:00:00,PURCHASE
1602,1602,110,2025-11-25 12:00:00,PURCHASE
1603,1603,110,2025-11-25 12:00:00,PURCHASE
1604,1604,110,2025-11-25 12:00:00,PURCHASE
1605,1605,54,2025-11-29 12:00:00,PURCHASE
1606,1606,97,2025-11-23 12:00:00,PURCHASE
1607,1607,97,2025-11-23 12:00:00,PURCHASE
1608,1608,96,2025-11-14 12:00:00,PURCHASE
1609,1609,96,2025-11-14 12:00:00,PURCHASE
1610,1610,7,2025-11-26 12:00:00,PURCHASE
1611,1611,54,2025-11-16 12:00:00,PURCHASE
1612,1612,54,2025-11-16 12:00:00,PURCHASE
1613,1613,54,2025-11-16 12:00:00,PURCHASE
1614,1614,54,2025-11-16 12:00:00,PURCHASE
1615,1615,86,2025-11-19 12:00:00,PURCHASE
1616,1616,86,2025-11-19 12:00:00,PURCHASE
1617,1617,86,2025-11-19 12:00:00,PURCHASE
1618,1618,86,2025-11-19 12:00:00,PURCHASE
1619,1619,88,2025-11-07 12:00:00,PURCHASE
1620,1620,88,2025-11-07 12:00:00,PURCHASE
1621,1621,88,2025-11-07 12:00:00,PURCHASE
1622,1622,88,2025-11-07 12:00:00,PURCHASE
1623,1623,35,2025-11-11 12:00:00,PURCHASE
1624,1624,35,2025-11-11 12:00:00,PURCHASE
1625,1625,35,2025-11-11 12:00:00,PURCHASE
1626,1626,104,2025-11-17 12:00:00,PURCHASE
1627,1627,104,2025-11-17 12:00:00,PURCHASE
1628,1628,104,2025-11-17 12:00:00,PURCHASE
1629,1629,58,2025-12-02 12:00:00,PURCHASE
1630,1630,72,2025-12-03 12:00:00,PURCHASE
1631,1631,72,2025-12-03 12:00:00,PURCHASE
1632,1632,72,2025-12-03 12:00:00,PURCHASE
1633,1633,72,2025-12-03 12:00:00,PURCHASE
1634,1634,7,2025-11-11 12:00:00,PURCHASE
1635,1635,79,2025-12-01 12:00:00,PURCHASE
1636,1636,79,2025-12-01 12:00:00,PURCHASE
1637,1637,30,2025-11-09 12:00:00,PURCHASE
1638,1638,30,2025-11-09 12:00:00,PURCHASE
1639,1639,48,2025-11-28 12:00:00,PURCHASE
1640,1640,48,2025-11-28 12:00:00,PURCHASE
1641,1641,84,2025-11-09 12:00:00,PURCHASE
1642,1642,84,2025-11-09 12:00:00,PURCHASE
1643,1643,109,2025-11-30 12:00:00,PURCHASE
1644,1644,76,2025-11-23 12:00:00,PURCHASE
1645,1645,76,2025-11-23 12:00:00,PURCHASE
1646,1646,79,2025-11-08 12:00:00,PURCHASE
1647,1647,79,2025-11-08 12:00:00,PURCHASE
1648,1648,79,2025-11-08 12:00:00,PURCHASE
1649,1649,79,2025-11-08 12:00:00,PURCHASE
1650,1650,22,2025-11-11 12:00:00,PURCHASE
1651,1651,102,2025-11-27 12:00:00,PURCHASE
1652,1652,102,2025-11-27 12:00:00,PURCHASE
1653,1653,102,2025-11-27 12:00:00,PURCHASE
1654,1654,102,2025-11-27 12:00:00,PURCHASE
1655,1655,17,2025-11-19 12:00:00,PURCHASE
1656,1656,55,2025-11-28 12:00:00,PURCHASE
1657,1657,55,2025-11-28 12:00:00,PURCHASE
1658,1658,55,2025-11-28 12:00:00,PURCHASE
1659,1659,55,2025-11-28 12:00:00,PURCHASE
1660,1660,65,2025-11-09 12:00:00,PURCHASE
1661,1661,65,2025-11-09 12:00:00,PURCHASE
1662,1662,65,2025-11-09 12:00:00,PURCHASE
1663,1663,23,2025-12-06 12:00:00,PURCHASE
1664,1664,23,2025-12-06 12:00:00,PURCHASE
1665,1665,23,2025-12-06 12:00:00,PURCHASE
1666,1666,23,2025-12-06 12:00:00,PURCHASE
1667,1667,20,2025-11-11 12:00:00,PURCHASE
1668,1668,62,2025-11-15 12:00:00,PURCHASE
1669,1669,109,2025-11-17 12:00:00,PURCHASE
1670,1670,109,2025-11-17 12:00:00,PURCHASE
1671,1671,98,2025-12-01 12:00:00,PURCHASE
1672,1672,98,2025-12-01 12:00:00,PURCHASE
1673,1673,52,2025-12-01 12:00:00,PURCHASE
1674,1674,52,2025-12-01 12:00:00,PURCHASE
1675,1675,52,2025-12-01 12:00:00,PURCHASE
1676,1676,67,2025-11-07 12:00:00,PURCHASE
1677,1677,67,2025-11-07 12:00:00,PURCHASE
1678,1678,27,2025-11-25 12:00:00,PURCHASE
1679,1679,27,2025-11-25 12:00:00,PURCHASE
1680,1680,27,2025-11-25 12:00:00,PURCHASE
1681,1681,83,2025-12-02 12:00:00,PURCHASE
1682,1682,83,2025-12-02 12:00:00,PURCHASE
1683,1683,83,2025-12-02 12:00:00,PURCHASE
1684,1684,73,2025-11-15 12:00:00,PURCHASE
1685,1685,77,2025-11-16 12:00:00,PURCHASE
1686,1686,77,2025-11-16 12:00:00,PURCHASE
1687,1687,77,2025-11-16 12:00:00,PURCHASE
1688,1688,77,2025-11-16 12:00:00,PURCHASE
1689,1689,72,2025-11-15 12:00:00,PURCHASE
1690,1690,72,2025-11-15 12:00:00,PURCHASE
1691,1691,72,2025-11-15 12:00:00,PURCHASE
1692,1692,98,2025-11-13 12:00:00,PURCHASE
1693,1693,98,2025-11-13 12:00:00,PURCHASE
1694,1694,98,2025-11-13 12:00:00,PURCHASE
1695,1695,98,2025-11-13 12:00:00,PURCHASE
1696,1696,30,2025-11-19 12:00:00,PURCHASE
1697,1697,30,2025-11-19 12:00:00,PURCHASE
1698,1698,24,2025-11-24 12:00:00,PURCHASE
1699,1699,24,2025-11-24 12:00:00,PURCHASE
1700,1700,24,2025-11-24 12:00:00,PURCHASE
1701,1701,57,2025-11-28 12:00:00,PURCHASE
1702,1702,57,2025-11-28 12:00:00,PURCHASE
1703,1703,57,2025-11-28 12:00:00,PURCHASE
1704,1704,46,2025-11-27 12:00:00,PURCHASE
1705,1705,50,2025-12-06 12:00:00,PURCHASE
1706,1706,50,2025-12-06 12:00:00,PURCHASE
1707,1707,24,2025-11-15 12:00:00,PURCHASE
1708,1708,24,2025-11-15 12:00:00,PURCHASE
1709,1709,24,2025-11-15 12:00:00,PURCHASE
1710,1710,24,2025-11-15 12:00:00,PURCHASE
1711,1711,113,2025-11-24 12:00:00,PURCHASE
1712,1712,113,2025-11-24 12:00:00,PURCHASE
1713,1713,55,2025-12-03 12:00:00,PURCHASE
1714,1714,55,2025-12-03 12:00:00,PURCHASE
1715,1715,109,2025-11-10 12:00:00,PURCHASE
1716,1716,109,2025-11-10 12:00:00,PURCHASE
1717,1717,93,2025-11-17 12:00:00,PURCHASE
1718,1718,7,2025-11-15 12:00:00,PURCHASE
1719,1719,7,2025-11-15 12:00:00,PURCHASE
1720,1720,78,2025-12-04 12:00:00,PURCHASE
1721,1721,78,2025-12-04 12:00:00,PURCHASE
1722,1722,78,2025-12-04 12:00:00,PURCHASE
1723,1723,78,2025-12-04 12:00:00,PURCHASE
1724,1724,40,2025-11-17 12:00:00,PURCHASE
1725,1725,40,2025-11-17 12:00:00,PURCHASE
1726,1726,40,2025-11-17 12:00:00,PURCHASE
1727,1727,40,2025-11-17 12:00:00,PURCHASE
1728,1728,61,2025-11-25 12:00:00,PURCHASE
1729,1729,52,2025-12-05 12:00:00,PURCHASE
1730,1730,52,2025-12-05 12:00:00,PURCHASE
1731,1731,52,2025-12-05 12:00:00,PURCHASE
1732,1732,52,2025-12-05 12:00:00,PURCHASE
1733,1733,32,2025-11-30 12:00:00,PURCHASE
1734,1734,68,2025-11-14 12:00:00,PURCHASE
1735,1735,68,2025-11-14 12:00:00,PURCHASE
1736,1736,68,2025-11-14 12:00:00,PURCHASE
1737,1737,20,2025-11-28 12:00:00,PURCHASE
1738,1738,20,2025-11-28 12:00:00,PURCHASE
1739,1739,79,2025-11-25 12:00:00,PURCHASE
1740,1740,79,2025-11-25 12:00:00,PURCHASE
1741,1741,79,2025-11-25 12:00:00,PURCHASE
1742,1742,77,2025-11-29 12:00:00,PURCHASE
1743,1743,77,2025-11-29 12:00:00,PURCHASE
1744,1744,103,2025-11-22 12:00:00,PURCHASE
1745,1745,18,2025-11-08 12:00:00,PURCHASE
1746,1746,18,2025-11-08 12:00:00,PURCHASE
1747,1747,18,2025-11-08 12:00:00,PURCHASE
1748,1748,83,2025-12-03 12:00:00,PURCHASE
1749,1749,83,2025-12-03 12:00:00,PURCHASE
1750,1750,83,2025-12-03 12:00:00,PURCHASE
1751,1751,83,2025-12-03 12:00:00,PURCHASE
1752,1752,58,2025-11-29 12:00:00,PURCHASE
1753,1753,58,2025-11-29 12:00:00,PURCHASE
1754,1754,58,2025-11-29 12:00:00,PURCHASE
1755,1755,58,2025-11-29 12:00:00,PURCHASE
1756,1756,68,2025-11-25 12:00:00,PURCHASE
1757,1757,68,2025-11-25 12:00:00,PURCHASE
1758,1758,68,2025-11-25 12:00:00,PURCHASE
1759,1759,68,2025-11-25 12:00:00,PURCHASE
1760,1760,50,2025-11-26 12:00:00,PURCHASE
1761,1761,50,2025-11-26 12:00:00,PURCHASE
1762,1762,79,2025-11-08 12:00:00,PURCHASE
1763,1763,79,2025-11-08 12:00:00,PURCHASE
1764,1764,79,2025-11-08 12:00:00,PURCHASE
1765,1765,79,2025-11-08 12:00:00,PURCHASE
1766,1766,104,2025-11-15 12:00:00,PURCHASE
1767,1767,104,2025-11-15 12:00:00,PURCHASE
1768,1768,104,2025-11-15 12:00:00,PURCHASE
1769,1769,59,2025-11-25 12:00:00,PURCHASE
1770,1770,59,2025-11-25 12:00:00,PURCHASE
1771,1771,101,2025-11-25 12:00:00,PURCHASE
1772,1772,37,2025-11-08 12:00:00,PURCHASE
1773,1773,37,2025-11-08 12:00:00,PURCHASE
1774,1774,37,2025-11-08 12:00:00,PURCHASE
1775,1775,37,2025-11-08 12:00:00,PURCHASE
1776,1776,31,2025-11-09 12:00:00,PURCHASE
1777,1777,31,2025-11-09 12:00:00,PURCHASE
1778,1778,89,2025-12-04 12:00:00,PURCHASE
1779,1779,94,2025-11-07 12:00:00,PURCHASE
1780,1780,94,2025-11-07 12:00:00,PURCHASE
1781,1781,94,2025-11-07 12:00:00,PURCHASE
1782,1782,94,2025-11-07 12:00:00,PURCHASE
1783,1783,24,2025-11-20 12:00:00,PURCHASE
1784,1784,24,2025-11-20 12:00:00,PURCHASE
1785,1785,69,2026-07-26 12:00:00,PURCHASE
1786,1786,69,2026-07-26 12:00:00,PURCHASE
1787,1787,69,2026-07-26 12:00:00,PURCHASE
1788,1788,69,2026-07-26 12:00:00,PURCHASE
1789,1789,101,2026-06-21 12:00:00,PURCHASE
1790,1790,101,2026-06-21 12:00:00,PURCHASE
1791,1791,101,2026-06-21 12:00:00,PURCHASE
1792,1792,101,2026-06-21 12:00:00,PURCHASE
1793,1793,97,2026-05-03 12:00:00,PURCHASE
1794,1794,97,2026-05-03 12:00:00,PURCHASE
1795,1795,102,2026-07-17 12:00:00,PURCHASE
1796,1796,79,2026-05-20 12:00:00,PURCHASE
1797,1797,54,2026-07-15 12:00:00,PURCHASE
1798,1798,54,2026-07-15 12:00:00,PURCHASE
1799,1799,57,2026-07-17 12:00:00,PURCHASE
1800,1800,57,2026-07-17 12:00:00,PURCHASE
1801,1801,50,2026-07-31 12:00:00,PURCHASE
1802,1802,50,2026-07-31 12:00:00,PURCHASE
1803,1803,50,2026-01-19 12:00:00,PURCHASE
1804,1804,58,2026-01-03 12:00:00,PURCHASE
1805,1805,58,2026-01-03 12:00:00,PURCHASE
1806,1806,58,2026-01-08 12:00:00,PURCHASE
1807,1807,58,2026-01-08 12:00:00,PURCHASE
1808,1808,9,2025-10-24 12:00:00,PURCHASE
1809,1809,9,2026-02-17 12:00:00,PURCHASE
1810,1810,9,2026-02-17 12:00:00,PURCHASE
1811,1811,26,2026-07-26 12:00:00,PURCHASE
1812,1812,26,2026-02-12 12:00:00,PURCHASE
1813,1813,48,2025-10-16 12:00:00,PURCHASE
1814,1814,48,2025-10-16 12:00:00,PURCHASE
1815,1815,48,2026-04-29 12:00:00,PURCHASE
1816,1816,105,2026-03-17 12:00:00,PURCHASE
1817,1817,105,2026-03-17 12:00:00,PURCHASE
1818,1818,105,2026-07-27 12:00:00,PURCHASE
1819,1819,105,2026-07-27 12:00:00,PURCHASE
1820,1820,18,2026-05-01 12:00:00,PURCHASE
1821,1821,18,2026-05-01 12:00:00,PURCHASE
1822,1822,18,2026-06-22 12:00:00,PURCHASE
1823,1823,97,2026-01-11 12:00:00,PURCHASE
1824,1824,97,2026-01-11 12:00:00,PURCHASE
1825,1825,97,2025-12-03 12:00:00,PURCHASE
1826,1826,69,2026-07-10 12:00:00,PURCHASE
1827,1827,69,2026-07-10 12:00:00,PURCHASE
1828,1828,69,2026-04-18 12:00:00,PURCHASE
1829,1829,69,2026-04-18 12:00:00,PURCHASE
1830,1830,113,2026-02-07 12:00:00,PURCHASE
1831,1831,113,2025-11-05 12:00:00,PURCHASE
1832,1832,113,2025-11-05 12:00:00,PURCHASE
1833,1833,112,2026-02-25 12:00:00,PURCHASE
1834,1834,112,2026-02-25 12:00:00,PURCHASE
1835,1835,112,2026-05-27 12:00:00,PURCHASE
1836,1836,112,2026-05-27 12:00:00,PURCHASE
1837,1837,112,2026-05-27 12:00:00,PURCHASE
1838,1838,112,2026-05-27 12:00:00,PURCHASE
1839,1839,112,2026-03-16 12:00:00,PURCHASE
1840,1840,112,2026-03-16 12:00:00,PURCHASE
1841,1841,112,2026-03-16 12:00:00,PURCHASE
1842,1842,112,2026-03-16 12:00:00,PURCHASE
1843,1843,112,2026-04-12 12:00:00,PURCHASE
1844,1844,112,2026-04-12 12:00:00,PURCHASE
1845,1845,13,2026-03-02 12:00:00,PURCHASE
1846,1846,13,2026-03-02 12:00:00,PURCHASE
1847,1847,13,2026-03-02 12:00:00,PURCHASE
1848,1848,13,2026-04-10 12:00:00,PURCHASE
1849,1849,13,2026-04-10 12:00:00,PURCHASE
1850,1850,13,2026-04-10 12:00:00,PURCHASE
1851,1851,13,2026-05-09 12:00:00,PURCHASE
1852,1852,13,2026-05-09 12:00:00,PURCHASE
1853,1853,13,2026-05-09 12:00:00,PURCHASE
1854,1854,13,2026-05-09 12:00:00,PURCHASE
1855,1855,13,2026-03-10 12:00:00,PURCHASE
1856,1856,13,2026-03-10 12:00:00,PURCHASE
1857,1857,13,2026-03-10 12:00:00,PURCHASE
1858,1858,13,2026-03-10 12:00:00,PURCHASE
1859,81,16,2026-07-14 13:00:00,RESALE
1860,127,8,2026-07-03 18:00:00,RESALE
1861,1800,50,2026-07-16 21:00:00,RESALE
1862,1804,91,2026-06-22 19:00:00,RESALE
1863,1819,76,2026-06-15 19:00:00,RESALE
1864,67,115,2026-07-14 16:00:00,RESALE
1865,74,93,2026-06-19 00:00:00,RESALE
1866,74,106,2026-07-15 22:00:00,RESALE
